gender,grade,SNAP1,SNAP2,SNAP3,SNAP4,SNAP5,SNAP6,SNAP7,SNAP8,SNAP9,aveBinned
0,2,0,0,0,0,0,0,0,0,0,2
0,2,0,0,1,0,0,0,0,0,0,0
0,2,0,0,0,0,0,0,0,0,0,1
0,2,0,0,0,0,0,0,0,0,0,1
0,2,0,0,0,0,0,0,0,0,0,1
0,2,0,0,0,0,0,0,0,0,0,1
0,2,0,0,0,0,0,0,0,0,0,0
0,2,0,0,0,0,0,0,0,0,0,1
0,2,0,0,0,0,0,0,0,1,0,2
0,2,0,0,0,0,0,0,0,0,0,1
0,2,0,0,0,0,0,0,0,0,0,2
0,2,0,0,0,0,0,0,0,0,0,2
0,2,0,0,0,0,0,0,0,1,0,1
0,2,0,0,0,0,0,0,0,0,0,1
0,2,0,0,0,0,0,0,0,0,0,2
0,2,0,0,0,0,0,0,0,0,0,1
0,2,0,0,0,0,0,0,0,1,0,0
0,2,0,0,0,0,0,0,0,1,0,2
0,2,0,0,0,0,0,0,0,0,0,0
0,2,0,0,0,0,0,0,0,0,0,0
0,2,0,0,0,0,0,0,0,0,0,2
0,2,1,1,0,0,0,0,0,1,0,0
0,2,0,0,0,0,0,0,0,0,0,0
0,2,0,0,0,0,0,0,0,0,0,0
0,2,0,0,0,0,0,0,0,0,0,0
0,2,0,0,0,0,0,0,0,0,0,0
0,2,0,0,0,0,1,0,0,0,1,2
0,2,0,1,0,1,0,0,0,1,1,0
0,2,0,0,0,0,0,0,0,0,0,2
0,2,0,0,1,0,0,0,0,1,0,2
0,2,2,1,1,1,2,2,2,2,1,0
0,2,0,0,0,0,0,0,0,0,0,0
0,2,0,0,0,0,0,0,0,0,0,2
0,2,0,0,0,0,0,0,0,0,0,0
0,2,0,0,0,0,0,0,0,0,0,2
0,2,0,0,0,0,0,0,0,0,0,2
0,2,0,0,0,0,0,0,0,0,0,2
0,2,0,0,0,0,0,0,0,2,1,0
0,2,1,1,0,0,0,0,0,1,0,1
0,2,0,0,0,0,0,0,0,0,0,2
0,2,2,0,0,0,0,0,1,0,1,1
0,2,1,1,0,1,1,1,2,0,1,0
0,2,1,0,0,0,0,0,0,0,0,2
0,2,0,0,0,0,0,0,0,1,0,2
0,2,1,0,0,0,0,0,0,1,0,2
0,2,1,1,1,0,0,1,1,1,1,0
0,2,0,0,0,0,0,0,0,1,0,2
0,2,1,0,0,0,0,0,0,0,0,0
0,2,0,0,0,0,0,0,0,1,0,0
0,2,0,0,0,0,0,1,0,0,0,2
0,2,0,0,0,0,0,0,0,0,0,0
0,2,0,1,1,0,0,1,1,1,1,0
0,2,0,0,0,0,0,0,0,0,0,2
0,2,0,0,0,0,0,0,0,0,0,0
0,2,1,0,0,0,0,1,0,1,1,0
0,2,0,0,0,0,0,0,0,1,0,1
0,2,0,0,0,0,0,0,0,0,0,0
0,2,0,0,0,0,0,0,0,1,0,2
0,2,0,0,0,0,0,0,0,0,0,1
0,2,0,0,0,0,0,0,0,0,0,2
0,2,0,0,0,0,0,0,0,0,0,2
0,2,0,0,0,0,0,0,0,0,0,0
0,2,0,0,0,0,0,0,0,0,0,2
0,2,0,0,0,0,0,0,0,0,0,0
0,2,0,0,0,0,0,0,0,0,0,2
0,2,0,0,0,0,0,0,0,0,0,2
0,2,0,0,0,0,0,0,0,0,0,2
0,2,0,0,0,0,0,0,0,0,0,2
0,2,0,0,0,0,0,0,0,0,0,1
0,2,2,1,2,2,2,2,0,1,1,1
0,2,0,0,0,0,0,0,0,0,0,1
0,2,0,0,0,0,0,0,0,0,0,1
0,2,0,0,0,0,0,0,0,0,1,1
0,2,0,0,0,0,0,0,0,0,0,2
0,2,0,0,0,0,0,0,0,0,0,1
0,2,0,0,0,0,0,0,0,0,0,2
0,2,0,1,0,0,0,0,0,2,0,1
0,2,0,0,0,0,0,0,0,0,0,2
0,2,0,0,0,0,0,0,0,0,0,0
0,2,0,0,0,0,0,0,0,1,0,1
0,2,0,0,1,0,0,0,0,1,0,2
0,2,0,0,0,0,0,0,0,0,0,1
0,2,0,0,0,0,0,0,0,0,0,2
0,2,0,0,0,0,0,0,0,0,0,2
0,2,0,0,0,0,0,0,0,0,0,2
0,2,0,0,0,0,0,0,0,1,0,2
0,2,0,0,0,0,0,0,0,1,0,2
0,2,0,0,0,0,0,0,0,0,0,0
0,2,0,0,0,0,0,0,0,0,0,2
0,2,2,1,0,0,0,0,0,1,1,0
0,2,0,0,0,0,0,0,0,0,0,0
0,2,0,0,0,0,0,0,0,0,0,2
0,2,0,0,0,0,0,0,0,0,0,2
0,2,0,0,0,0,0,0,0,0,0,0
0,2,0,0,0,0,0,0,0,0,0,2
0,2,0,0,0,0,0,0,0,0,1,2
0,2,0,0,0,0,0,0,0,0,0,1
0,2,0,0,0,0,0,0,0,1,0,2
0,2,0,0,0,0,0,0,0,0,0,2
0,2,0,0,0,0,0,0,0,0,0,2
0,2,1,0,1,1,1,0,1,2,1,0
0,2,0,0,0,0,0,0,0,0,0,2
0,2,0,0,0,0,0,0,0,0,0,0
0,2,0,0,0,0,0,0,0,0,0,0
0,2,0,0,0,0,0,0,0,0,0,2
0,2,0,0,0,0,0,0,0,0,0,0
0,2,0,0,0,0,0,0,0,0,0,2
0,2,0,0,0,0,0,0,0,0,0,2
0,2,0,0,0,0,0,0,0,0,0,2
0,2,0,0,0,0,0,0,0,0,0,2
0,2,0,0,0,0,0,0,0,0,0,2
0,2,0,0,0,0,0,0,0,0,0,2
0,2,0,0,0,0,0,0,0,0,0,2
0,2,0,0,0,0,0,0,0,0,0,0
0,2,0,0,0,0,0,0,0,0,0,0
0,2,0,0,0,0,0,0,0,0,0,1
0,2,0,0,0,0,0,0,0,0,0,0
0,2,0,0,0,0,0,0,0,0,0,0
0,2,1,0,0,0,0,0,0,1,0,1
0,2,0,0,0,0,0,0,0,0,0,1
0,2,0,0,0,0,0,0,0,0,0,1
0,2,0,0,0,0,0,0,0,0,0,0
0,2,0,0,0,0,0,0,0,1,0,2
0,2,0,0,0,0,0,0,0,0,0,2
0,2,0,0,0,0,0,0,0,1,0,2
0,2,0,0,1,0,0,0,0,1,1,2
0,2,0,0,0,0,0,0,0,0,0,2
0,2,0,0,0,0,0,0,0,0,0,0
0,2,0,0,0,0,0,0,0,0,0,2
0,2,2,1,1,1,0,0,0,1,1,1
0,2,0,0,0,0,0,0,0,0,0,1
0,2,0,0,0,0,0,0,0,0,0,1
0,2,0,0,0,0,0,0,0,0,0,2
0,2,0,0,0,0,0,0,0,0,0,2
0,2,0,0,0,0,0,0,0,0,0,1
0,2,0,0,0,0,0,0,0,0,0,2
0,2,0,0,0,0,0,0,0,1,0,2
0,2,0,0,0,0,0,0,0,0,0,1
0,2,0,0,0,0,0,0,0,0,0,0
0,2,1,1,1,0,0,0,0,1,0,1
0,2,0,0,0,0,0,0,0,0,0,2
0,2,0,0,0,0,0,0,0,0,0,1
0,2,0,0,0,0,0,0,0,1,0,0
0,2,0,0,0,0,0,0,0,0,0,0
0,2,0,0,0,0,0,0,0,0,0,1
0,2,0,0,0,0,0,0,0,0,0,2
0,2,0,0,0,0,0,0,0,0,0,2
0,2,0,0,0,0,0,0,0,0,0,0
0,2,0,0,0,0,0,0,0,0,0,1
0,2,0,0,0,0,0,0,0,0,0,1
0,2,0,0,0,0,0,0,0,0,0,0
0,2,1,0,0,0,0,0,0,0,0,2
0,2,0,0,0,0,0,0,0,0,0,1
0,2,1,0,0,0,0,0,0,0,0,1
0,2,1,0,0,0,0,0,0,0,0,2
0,2,0,0,0,0,0,0,0,0,0,2
0,2,0,1,0,0,0,0,0,1,1,1
0,2,0,0,0,0,0,0,0,0,0,1
0,2,0,0,1,0,0,0,0,0,0,1
0,2,0,0,0,0,0,0,0,0,0,0
0,2,0,0,0,0,0,0,0,1,1,0
0,2,0,0,0,0,0,0,0,0,0,2
0,2,0,1,0,0,0,0,0,1,0,1
0,2,0,0,0,0,0,0,0,0,0,1
0,2,0,0,0,0,0,0,0,0,0,1
0,2,0,0,0,0,0,0,0,0,0,0
0,2,0,0,0,0,0,0,0,0,0,2
0,2,1,0,0,1,1,0,0,1,1,1
0,2,0,0,0,0,0,0,0,0,0,1
0,2,0,0,0,0,0,0,0,0,0,2
0,2,0,0,0,0,0,0,0,1,0,1
0,2,0,0,0,0,0,0,0,0,0,0
0,2,0,0,0,0,0,0,0,0,0,2
0,2,0,0,0,0,0,0,0,0,0,2
0,2,0,0,0,0,1,0,0,1,0,2
0,2,0,0,0,0,0,0,0,0,0,2
0,2,0,0,0,0,0,0,0,0,0,2
0,2,0,0,0,0,0,0,0,0,0,1
0,2,0,0,0,0,0,0,0,0,0,1
0,2,1,0,0,0,0,0,0,0,0,1
0,2,2,0,0,0,0,0,0,0,0,2
0,2,0,0,0,0,0,0,0,0,0,1
0,2,0,0,0,0,0,0,0,0,0,0
0,2,0,0,0,0,0,0,0,0,0,0
0,2,0,0,0,0,0,0,0,0,0,2
0,2,0,0,0,0,0,0,0,0,0,2
0,2,0,0,0,0,0,0,0,0,0,2
0,2,0,0,0,0,0,0,0,0,0,2
0,2,0,0,0,0,0,0,0,0,0,2
0,2,0,0,1,0,0,0,0,0,0,1
0,2,0,0,0,0,0,0,0,1,0,0
0,2,0,0,0,0,0,0,0,0,0,2
0,2,0,0,0,0,0,0,0,0,0,0
0,2,0,0,0,0,0,0,0,0,0,1
0,2,0,0,0,0,0,0,0,0,1,0
0,2,0,0,0,0,0,0,0,0,0,2
0,2,0,0,0,0,0,0,0,0,0,2
0,2,0,0,0,0,0,0,0,0,0,0
0,2,0,0,0,0,0,0,0,0,0,0
0,2,0,0,0,0,0,0,0,0,0,2
0,2,0,0,0,0,0,0,0,0,1,2
0,2,0,0,0,0,0,0,0,0,0,1
0,2,0,0,0,0,0,0,0,0,0,1
0,2,0,0,0,0,0,0,0,0,0,1
0,2,0,0,0,0,0,0,0,1,1,0
0,2,0,0,0,1,0,0,0,1,1,2
0,2,1,1,1,0,1,0,0,1,0,0
0,2,0,0,0,0,0,0,0,0,0,1
0,2,0,0,0,0,0,0,0,1,0,0
0,2,0,0,0,0,0,0,0,0,0,1
0,2,0,0,0,0,0,0,0,0,0,2
0,2,0,0,0,0,0,0,0,1,1,1
0,2,0,0,0,0,0,0,0,0,0,2
0,2,0,0,0,0,0,0,0,0,0,2
0,2,0,0,0,0,0,0,0,0,0,1
0,2,0,0,0,0,0,0,0,1,1,0
0,2,0,0,0,0,0,0,0,0,0,2
0,2,1,1,0,1,0,0,0,1,0,0
0,2,0,0,0,0,0,0,0,0,0,0
0,2,1,0,0,0,0,0,0,0,0,2
0,2,0,1,0,1,0,0,0,1,0,2
0,2,0,0,0,0,0,0,0,0,0,1
0,2,0,0,0,0,0,0,0,0,0,1
0,2,0,0,0,0,0,0,0,0,0,2
0,2,0,0,0,0,0,0,0,0,0,0
0,2,0,0,0,0,0,0,0,0,0,2
0,2,0,0,0,0,0,0,0,0,0,2
0,2,0,0,0,0,0,0,0,0,0,0
0,2,0,0,0,0,0,0,0,0,0,0
0,2,0,0,0,0,0,0,0,0,0,1
0,2,0,0,0,0,0,0,0,0,0,2
0,2,0,0,0,0,0,0,0,0,0,1
0,2,0,0,0,0,0,0,0,0,0,1
0,2,0,0,0,0,0,0,0,0,0,2
0,2,0,0,0,0,0,0,0,0,0,1
0,2,0,0,0,0,0,0,0,0,0,2
0,2,0,0,0,0,0,0,0,1,0,1
0,2,0,0,0,0,0,0,0,0,0,0
0,2,0,0,0,0,0,0,0,0,0,2
0,2,0,0,0,0,0,0,0,0,0,1
0,2,0,0,0,0,0,0,0,0,0,0
0,2,0,0,0,0,0,0,0,1,0,1
0,2,0,1,1,1,0,0,0,1,0,0
0,2,0,0,0,0,0,0,0,0,0,2
0,2,0,0,0,0,0,0,0,0,0,1
0,2,0,0,0,0,0,0,0,1,0,1
0,2,0,0,0,0,0,0,0,0,0,0
0,2,0,0,0,0,0,0,0,0,0,0
0,2,0,0,0,0,0,0,0,0,0,1
0,2,0,0,0,0,0,0,0,0,0,1
0,2,0,0,0,0,0,0,0,0,0,2
0,2,0,0,0,0,0,0,0,0,0,1
0,2,0,0,0,0,0,0,0,0,0,0
0,2,0,0,0,0,0,0,0,0,0,1
0,2,0,0,0,0,0,0,0,0,0,2
0,2,0,0,0,0,0,0,0,0,0,2
0,2,0,0,0,0,0,0,0,0,0,2
0,2,0,0,0,0,0,0,0,0,0,2
0,2,0,0,0,0,0,0,0,0,0,2
0,2,0,0,0,0,0,0,0,0,0,2
0,2,0,0,0,0,0,0,0,0,0,1
0,2,0,0,0,0,0,0,0,0,0,2
0,2,0,0,0,0,0,0,0,0,0,2
0,2,0,0,0,0,0,0,0,0,0,2
0,2,0,0,0,0,0,0,0,0,0,1
0,2,0,0,0,0,0,0,0,0,0,2
0,2,0,0,0,0,0,0,0,0,0,2
0,2,0,0,0,0,0,0,0,0,0,2
0,2,0,0,0,0,0,0,0,0,0,1
0,2,1,1,1,0,0,0,1,1,0,1
0,2,0,0,0,0,0,0,0,0,0,2
0,2,0,0,0,0,0,0,0,0,0,1
0,2,0,0,0,0,0,0,0,0,0,0
0,2,0,0,0,0,0,0,0,0,0,1
0,2,0,0,0,0,0,0,0,0,0,1
0,2,0,0,0,0,0,0,0,0,0,2
0,2,0,0,0,0,0,0,0,0,0,1
0,2,0,0,0,0,0,0,0,0,0,0
0,2,0,0,0,0,0,0,0,0,0,0
0,2,0,0,0,0,0,0,0,0,0,1
0,2,0,0,0,0,0,0,0,0,0,2
0,2,0,0,0,0,0,0,0,0,0,2
0,2,0,0,0,0,0,0,1,1,1,2
0,2,0,0,0,0,0,0,0,0,0,2
0,2,0,0,0,0,0,0,0,0,0,2
0,2,0,0,0,0,0,0,0,0,0,2
0,2,0,0,0,0,0,0,0,0,0,1
0,2,1,0,0,0,0,0,0,0,0,1
0,2,0,0,0,0,0,0,0,0,0,2
0,2,0,0,0,0,0,0,0,0,0,2
0,2,0,0,0,0,0,0,0,0,0,0
0,2,0,0,0,0,0,0,0,0,0,2
0,2,0,0,0,0,0,0,0,0,0,2
0,2,0,0,0,0,0,0,0,0,0,1
0,2,0,0,0,0,0,0,0,0,0,0
0,2,0,0,0,0,0,0,0,0,0,2
0,2,0,0,1,0,1,0,0,1,0,0
0,2,0,0,0,0,0,0,0,0,0,2
0,2,0,0,0,0,0,0,0,0,0,2
0,2,0,0,0,0,0,0,0,0,0,0
0,2,0,0,0,0,0,0,0,0,0,2
0,2,1,0,0,0,0,0,0,0,0,1
0,2,0,0,0,0,0,0,0,0,0,0
0,2,0,0,0,0,0,0,0,0,0,2
0,2,0,0,0,0,0,0,0,0,0,0
0,2,0,0,0,0,0,0,0,0,0,2
0,2,0,0,0,0,0,0,0,0,0,1
0,2,0,0,0,0,0,0,0,0,0,2
0,2,0,0,1,0,0,0,0,0,0,0
0,2,0,0,0,0,0,0,0,0,0,1
0,2,0,0,0,0,0,0,0,0,0,0
0,2,0,0,0,0,0,0,0,0,0,0
0,2,0,0,0,0,0,0,0,0,0,2
0,2,0,1,0,0,0,0,0,2,0,2
0,2,0,0,0,0,0,0,0,0,0,0
0,2,0,0,0,0,0,0,0,0,0,1
0,2,0,0,0,0,0,0,0,0,0,1
0,2,1,0,0,0,0,0,0,0,1,0
0,2,0,0,0,0,0,0,0,0,0,1
0,2,0,0,0,0,0,0,0,0,0,2
0,2,0,0,0,0,0,0,0,0,0,2
0,2,0,0,0,0,0,0,0,1,1,1
0,2,0,0,0,0,0,0,0,0,0,2
0,2,0,0,0,0,0,0,0,0,0,2
0,2,0,0,0,0,1,0,0,1,0,2
0,2,0,1,2,1,1,0,0,2,1,0
0,2,1,0,0,0,0,0,0,0,0,1
0,2,0,0,0,0,0,0,0,0,0,1
0,2,0,0,0,0,0,0,0,0,0,0
0,2,0,0,0,0,0,0,0,0,0,1
0,2,0,0,0,0,0,0,0,0,0,1
0,2,0,0,0,0,0,0,0,0,0,1
0,2,0,0,0,0,0,0,0,0,0,2
0,2,0,0,0,0,0,0,0,0,0,1
0,2,0,0,0,0,0,0,0,0,0,1
0,2,0,0,0,0,0,0,0,0,0,1
0,2,0,1,0,1,1,0,0,1,1,2
0,2,0,0,0,0,0,0,0,0,0,2
0,2,0,0,0,0,0,0,0,0,0,1
0,2,1,0,0,0,0,0,0,0,0,1
0,2,0,0,0,0,0,0,0,0,0,2
0,2,0,0,0,0,0,0,0,0,0,1
0,2,0,1,0,0,1,0,0,1,1,1
0,2,0,0,0,0,0,0,0,0,0,2
0,2,0,0,0,0,0,0,0,0,0,0
0,2,0,0,0,0,1,0,0,1,1,2
0,2,0,0,0,0,0,0,0,0,0,2
0,2,0,0,0,0,0,0,0,0,0,0
0,2,0,0,0,0,0,0,0,0,0,2
0,2,0,0,0,0,0,0,0,0,0,2
0,2,0,0,0,0,0,0,0,0,0,2
0,2,0,0,0,0,0,0,0,0,0,2
0,2,1,1,1,1,0,0,1,1,2,2
0,2,0,0,0,0,0,0,0,0,0,0
0,2,0,0,0,0,0,0,0,0,0,2
0,2,0,0,0,0,0,0,0,0,0,1
0,2,0,0,0,0,0,0,0,0,0,0
0,2,0,0,0,0,0,0,0,0,0,2
0,2,0,0,0,0,0,0,0,0,0,0
0,2,0,0,0,0,0,0,0,0,0,0
0,2,0,0,0,0,0,0,0,0,0,2
0,2,0,0,0,0,0,0,0,0,0,1
0,2,0,0,0,0,0,0,0,0,0,2
0,2,0,0,0,0,0,0,0,0,0,1
0,2,0,0,0,0,0,0,0,0,0,2
0,2,0,0,0,0,0,0,0,0,0,1
0,2,1,1,0,0,0,0,0,1,1,0
0,2,0,0,0,0,0,0,0,0,0,2
0,2,0,0,0,0,0,0,0,0,0,2
0,2,0,0,0,0,0,0,0,0,0,1
0,2,1,0,0,1,0,0,0,0,0,0
0,2,0,0,0,0,0,0,0,0,0,0
0,2,0,0,0,0,0,0,0,0,0,1
0,2,0,0,0,0,0,0,0,0,0,0
0,2,0,0,0,0,0,0,0,0,0,2
0,2,0,1,0,0,0,1,0,1,0,0
0,2,0,0,0,0,0,0,0,0,0,1
0,2,0,0,0,0,0,0,0,0,0,2
0,2,0,0,0,0,0,0,0,0,0,1
0,2,0,0,0,0,0,0,0,0,0,2
0,2,0,0,0,0,0,0,0,0,0,0
0,2,0,0,0,0,0,0,0,0,0,2
0,2,0,0,0,0,0,0,0,0,0,2
0,2,0,0,0,0,0,0,0,0,0,2
0,2,0,0,0,0,0,0,0,0,0,2
0,2,1,0,0,1,0,0,0,1,0,1
0,2,0,0,0,0,0,0,0,0,0,2
0,2,0,0,0,0,0,0,0,0,0,2
0,2,0,0,0,0,0,0,0,0,0,1
0,2,0,0,0,0,0,0,0,0,0,0
0,2,0,0,0,0,0,0,0,0,0,0
0,2,0,0,0,0,0,0,0,0,0,2
0,2,0,0,0,0,0,0,0,1,1,1
0,2,0,0,0,0,0,0,0,0,0,2
0,2,0,0,0,0,0,0,0,0,0,1
0,2,0,0,0,0,0,0,0,0,0,1
0,2,0,0,0,0,0,0,0,0,0,2
0,2,0,0,0,0,0,0,0,0,0,1
0,2,0,0,0,0,0,0,0,0,0,2
0,2,0,0,0,0,0,0,0,0,0,2
0,2,0,0,0,0,0,0,0,0,0,2
0,2,0,0,0,0,0,0,0,0,0,0
0,2,0,0,0,0,0,0,0,0,0,1
0,2,0,0,0,0,1,0,0,0,0,0
0,2,0,0,0,0,0,0,0,0,0,0
0,2,0,0,0,0,0,0,0,0,0,1
0,2,0,0,0,0,0,0,0,0,0,0
0,2,0,0,0,0,0,0,0,0,0,1
0,2,0,0,0,0,0,0,0,0,0,0
0,2,0,0,0,0,0,0,0,0,0,2
0,2,0,0,0,0,0,0,0,0,0,2
0,2,0,0,0,0,0,0,0,0,0,0
0,2,0,0,0,0,0,0,0,0,0,0
0,2,0,0,0,0,0,0,0,0,0,1
0,2,0,0,0,0,0,0,0,0,0,1
0,2,0,0,0,0,0,0,0,0,0,2
0,2,0,0,0,0,0,0,0,0,0,0
0,2,0,0,0,0,0,0,0,0,0,2
0,2,0,0,0,0,0,0,0,0,0,0
0,2,0,0,0,0,0,0,0,0,0,2
0,2,0,0,0,0,0,0,0,0,0,0
0,2,1,0,0,0,0,1,0,0,0,0
0,2,0,1,0,0,0,0,0,1,0,1
0,2,0,0,0,0,0,0,0,1,0,0
0,2,1,0,0,0,0,0,0,1,0,0
0,2,0,0,0,0,0,0,0,0,0,2
0,2,0,0,0,0,0,0,0,0,0,2
0,2,2,1,0,1,1,1,2,2,1,0
0,2,0,0,0,0,0,0,0,0,0,0
0,2,0,0,0,0,0,0,0,0,0,0
0,2,0,0,0,0,0,0,0,0,0,2
0,2,0,0,0,0,0,0,0,0,0,1
0,2,0,0,0,0,0,0,0,0,0,1
0,2,0,0,0,0,0,0,0,0,0,0
0,2,0,0,0,0,0,0,0,0,0,2
0,2,0,0,0,0,0,0,0,0,0,2
0,2,0,0,0,0,0,0,0,0,0,1
0,2,0,0,0,0,0,0,0,0,0,2
0,2,0,0,0,0,0,0,0,0,0,1
0,2,0,0,0,0,0,0,0,0,0,0
0,2,0,0,0,0,0,0,0,0,0,1
0,2,0,0,0,0,0,0,0,0,0,2
0,2,0,0,0,0,0,0,0,0,0,1
0,2,0,0,0,0,0,0,0,0,0,2
0,2,0,0,0,0,0,0,0,0,0,1
0,2,0,0,0,0,0,0,0,0,0,1
0,2,0,0,0,0,0,0,0,0,0,2
0,2,0,0,0,0,0,0,0,0,0,2
0,2,0,0,0,0,0,0,0,0,0,0
0,2,0,0,0,0,0,0,0,0,0,1
0,2,0,0,0,0,0,0,0,0,0,0
0,2,0,0,0,0,0,0,0,0,0,0
0,2,0,0,0,0,0,0,0,0,0,2
0,2,1,0,0,0,0,0,0,0,0,1
0,2,0,0,0,0,0,0,0,0,0,2
0,2,0,0,0,0,0,0,0,0,0,2
0,2,0,0,0,0,0,0,0,0,0,1
0,2,0,0,0,0,0,0,0,0,0,1
0,2,1,0,0,0,0,0,0,0,0,2
0,2,0,0,0,0,0,0,0,0,1,2
0,2,0,0,0,0,0,0,0,1,0,0
0,2,0,0,0,0,0,0,0,0,0,1
0,2,0,0,0,0,0,0,0,0,0,1
0,2,0,0,0,0,0,0,0,0,0,2
0,2,0,0,0,0,0,0,0,0,0,0
0,2,0,0,0,0,0,0,0,0,0,2
0,2,0,0,0,0,0,0,0,0,0,2
0,2,0,0,0,0,0,0,0,0,0,2
0,2,0,0,0,0,0,0,0,0,0,1
0,2,0,1,0,0,1,0,0,2,0,0
0,2,0,0,0,0,0,0,0,0,0,2
0,2,0,0,0,0,0,0,0,0,0,2
0,2,0,0,0,0,0,0,0,0,0,2
0,2,0,1,0,0,0,0,0,1,1,0
0,2,0,0,0,0,0,0,0,0,0,1
0,2,0,0,0,0,0,0,0,0,0,2
0,2,0,0,0,0,0,0,0,1,0,2
0,2,0,0,0,0,0,0,0,0,0,1
0,2,0,0,0,0,0,0,0,0,0,2
0,2,0,0,0,0,0,0,0,0,0,1
0,2,0,0,0,0,0,0,0,0,0,2
0,2,0,0,0,0,0,0,0,0,0,2
0,2,0,0,0,0,0,0,0,1,0,2
0,2,0,0,0,0,0,0,0,1,0,2
0,2,0,0,0,0,0,0,0,0,0,1
0,2,0,0,0,0,0,0,0,1,0,2
0,2,0,0,0,0,0,0,0,0,1,2
0,2,0,0,0,0,0,0,0,0,0,1
0,2,0,0,0,0,0,0,0,0,0,0
0,2,0,0,0,0,0,0,0,0,0,0
0,2,0,0,0,0,0,0,0,0,0,1
0,2,0,0,0,0,0,0,0,0,0,0
0,2,0,0,0,0,0,0,0,1,0,1
0,2,0,0,0,0,0,0,0,0,0,0
0,2,1,1,1,1,1,0,1,1,1,0
0,2,0,0,0,0,0,0,0,0,0,2
0,2,0,0,0,0,0,0,0,0,0,0
0,2,1,1,0,0,1,0,0,1,1,2
0,2,0,0,0,0,0,0,0,0,0,1
0,2,0,0,0,0,0,0,0,0,0,2
0,2,0,0,0,0,0,0,0,0,0,2
0,2,0,0,0,0,0,0,0,0,0,1
0,2,0,0,0,0,0,0,0,0,0,2
0,2,0,0,0,0,0,0,0,1,0,2
0,2,0,0,0,0,0,0,0,0,0,0
0,2,0,0,0,0,0,0,0,0,0,2
0,2,0,0,0,0,0,0,0,0,0,2
0,2,0,1,0,1,1,0,1,1,1,0
0,2,0,0,0,0,0,0,0,0,0,1
0,2,0,0,0,0,0,0,0,0,0,2
0,2,0,0,0,0,0,0,0,1,0,2
0,2,0,0,0,0,0,0,0,0,0,2
0,2,0,0,0,0,0,0,0,0,0,1
0,2,0,1,0,0,1,0,1,1,1,1
0,2,0,0,0,0,0,0,0,0,0,1
0,2,0,0,0,0,0,0,0,0,0,0
0,2,0,0,0,0,0,0,0,0,0,1
0,2,0,0,0,0,0,0,0,0,0,1
0,2,0,0,0,0,0,0,0,0,0,2
0,2,0,0,0,0,0,0,0,0,0,2
0,2,0,0,0,0,0,0,0,0,0,2
0,2,0,0,0,0,0,0,0,0,0,2
0,2,0,0,0,0,0,0,0,0,0,1
0,2,0,0,0,0,0,0,0,0,0,0
0,2,0,0,0,0,0,0,0,0,0,0
0,2,0,0,0,0,0,0,0,0,0,1
0,2,0,0,0,0,0,0,0,0,0,2
0,2,0,0,0,0,0,0,0,0,0,2
0,2,0,0,0,0,0,0,0,0,0,1
0,2,0,0,0,0,0,0,0,0,0,2
0,2,1,0,0,1,0,1,0,0,0,0
0,2,0,0,0,0,0,0,0,1,0,0
0,2,0,0,0,0,0,0,0,0,0,1
0,2,0,0,0,0,0,0,0,0,0,0
0,2,0,0,0,0,0,0,0,0,0,1
0,2,0,0,0,0,0,0,0,0,0,2
0,2,0,0,0,0,0,0,0,0,0,0
0,2,0,0,0,0,0,0,0,0,1,1
0,2,0,0,0,0,0,0,0,0,0,1
0,2,0,0,0,0,0,0,0,0,0,2
0,2,0,0,0,0,0,0,0,0,0,0
0,2,0,0,0,0,0,0,0,0,0,1
0,2,0,0,0,0,0,0,0,0,0,1
0,2,0,0,0,0,0,0,0,0,0,2
0,2,0,1,0,0,0,0,0,1,0,0
0,3,0,0,0,0,0,0,0,0,0,1
0,3,0,0,0,0,0,0,0,0,0,2
0,3,0,0,0,1,0,1,0,1,0,0
0,3,0,0,0,0,0,0,0,0,0,2
0,3,0,0,0,0,0,0,0,0,1,2
0,3,0,0,0,0,0,0,0,0,0,2
0,3,0,0,0,0,0,0,0,0,0,1
0,3,0,0,0,0,0,0,0,0,0,1
0,3,0,0,0,0,0,0,0,0,0,0
0,3,0,0,0,0,0,0,0,1,0,1
0,3,0,0,0,0,0,0,0,0,0,1
0,3,0,0,0,0,0,0,0,0,1,0
0,3,0,0,0,0,0,0,0,0,0,1
0,3,0,0,0,0,0,0,0,0,1,2
0,3,0,0,0,0,0,0,0,1,0,2
0,3,0,1,1,0,0,0,0,1,0,0
0,3,0,0,0,0,0,0,0,0,0,1
0,3,0,0,0,0,0,0,0,0,0,1
0,3,0,0,0,0,0,0,0,0,0,1
0,3,0,0,0,0,0,0,0,0,0,1
0,3,0,0,0,0,0,0,0,1,0,1
0,3,0,0,0,0,0,0,0,0,0,2
0,3,0,0,0,0,0,0,0,0,0,2
0,3,0,0,0,0,0,0,0,0,0,0
0,3,0,0,0,0,0,0,0,0,0,1
0,3,0,0,0,0,0,0,0,1,0,1
0,3,2,2,2,2,2,2,2,2,2,1
0,3,0,0,0,0,0,0,0,0,0,2
0,3,0,0,0,0,0,0,0,0,0,0
0,3,0,0,0,0,0,0,0,0,0,1
0,3,0,0,0,0,0,0,0,0,0,2
0,3,0,0,0,0,0,0,0,0,0,1
0,3,0,0,0,0,0,0,0,0,0,0
0,3,0,0,0,0,0,0,0,0,0,2
0,3,0,0,0,0,0,0,0,1,0,2
0,3,0,0,0,0,0,0,0,0,0,1
0,3,0,0,0,0,0,0,0,0,0,1
0,3,0,0,0,0,0,0,0,0,0,1
0,3,0,0,0,0,0,0,0,1,1,0
0,3,0,0,0,0,0,0,0,0,0,1
0,3,0,0,0,0,0,0,0,0,0,0
0,3,0,0,0,0,0,0,0,0,0,2
0,3,0,0,0,0,0,0,0,0,0,2
0,3,0,0,0,0,0,0,0,0,0,0
0,3,1,0,0,0,0,0,0,0,0,2
0,3,0,0,0,0,0,0,0,0,0,2
0,3,0,0,0,0,0,0,0,1,0,1
0,3,0,0,0,0,0,0,0,0,0,1
0,3,0,0,0,0,0,0,0,0,0,2
0,3,0,0,0,0,0,0,0,0,0,0
0,3,0,0,0,0,0,0,0,1,0,0
0,3,0,0,0,0,0,0,0,0,0,2
0,3,0,0,0,1,0,0,0,1,0,0
0,3,0,0,0,0,0,0,0,0,0,1
0,3,0,0,0,0,0,0,0,0,0,1
0,3,0,0,0,0,0,0,0,1,0,0
0,3,0,0,0,0,0,0,0,0,0,2
0,3,0,0,0,0,0,0,0,0,0,1
0,3,0,0,0,0,0,0,0,0,0,2
0,3,0,0,0,0,0,0,0,0,0,2
0,3,0,0,0,0,0,0,0,0,0,1
0,3,0,0,0,0,0,0,0,0,0,0
0,3,0,0,0,0,0,0,0,0,0,2
0,3,0,0,0,0,0,0,0,0,0,1
0,3,0,0,0,0,0,0,0,0,0,2
0,3,0,0,0,0,0,0,0,0,0,0
0,3,0,0,0,0,0,0,0,0,0,2
0,3,0,0,0,0,0,0,0,0,0,2
0,3,0,0,0,0,0,0,0,0,0,1
0,3,0,0,0,0,0,0,0,1,0,2
0,3,0,0,0,0,0,0,0,0,0,0
0,3,1,0,1,0,0,1,0,0,0,0
0,3,0,0,0,0,0,0,0,0,0,2
0,3,0,0,0,0,0,0,0,0,0,2
0,3,0,0,0,0,0,0,0,0,0,1
0,3,0,0,0,0,0,0,0,0,0,1
0,3,0,0,0,0,0,0,0,0,0,2
0,3,0,0,0,0,0,0,0,0,0,0
0,3,0,0,0,0,0,0,0,0,0,1
0,3,0,0,0,0,0,0,0,1,0,2
0,3,1,0,0,1,0,1,0,1,1,0
0,3,1,1,0,1,2,0,0,2,0,0
0,3,0,0,0,0,0,0,0,0,0,2
0,3,0,0,0,0,0,0,0,0,0,1
0,3,0,0,0,0,0,0,0,0,0,2
0,3,0,0,0,0,0,0,0,0,0,2
0,3,0,0,0,0,0,0,0,0,0,2
0,3,0,0,0,0,0,0,0,0,1,2
0,3,0,0,1,0,0,0,0,0,0,0
0,3,1,0,0,0,0,0,0,1,0,1
0,3,0,0,0,0,0,0,0,0,0,2
0,3,0,0,0,0,0,0,0,0,0,0
0,3,0,0,0,0,0,0,0,0,0,2
0,3,0,0,0,0,0,1,0,1,0,0
0,3,0,0,0,0,0,0,0,0,0,1
0,3,0,0,0,0,0,0,0,0,0,2
0,3,0,0,0,0,0,0,0,0,0,2
0,3,0,0,0,0,0,0,0,0,0,1
0,3,0,0,0,0,0,0,0,0,0,1
0,3,0,0,0,0,0,0,0,1,0,1
0,3,0,0,0,0,0,0,0,0,0,1
0,3,0,1,0,0,1,0,0,1,0,0
0,3,0,0,0,0,0,0,0,0,0,1
0,3,0,0,0,0,0,0,0,0,0,2
0,3,0,0,0,0,0,0,0,0,0,1
0,3,0,0,0,0,0,0,0,0,0,1
0,3,0,0,0,0,0,0,0,0,0,2
0,3,0,0,0,0,0,0,0,0,0,0
0,3,0,0,0,1,0,0,0,0,0,1
0,3,1,0,0,0,0,1,0,1,0,0
0,3,0,0,0,0,0,0,0,0,0,1
0,3,1,0,0,0,0,0,0,0,0,2
0,3,0,0,0,0,0,0,0,0,0,1
0,3,0,0,0,0,0,0,0,0,0,2
0,3,0,1,0,0,0,1,0,0,0,0
0,3,0,0,0,0,0,0,0,0,0,2
0,3,0,0,0,0,0,0,0,0,0,2
0,3,0,0,0,0,0,0,0,0,0,0
0,3,0,0,0,0,0,0,0,0,0,1
0,3,0,0,0,0,0,0,0,0,0,1
0,3,0,0,0,0,0,0,0,1,0,2
0,3,0,0,0,0,0,0,0,0,0,0
0,3,0,0,0,0,0,0,0,0,0,2
0,3,0,0,0,0,0,0,0,0,0,0
0,3,0,0,0,0,0,0,0,0,0,2
0,3,0,0,0,0,0,0,0,1,0,1
0,3,0,0,0,0,0,0,0,0,0,2
0,3,0,0,0,0,0,0,0,0,0,1
0,3,0,0,0,0,0,0,0,0,0,2
0,3,0,0,0,0,0,0,0,0,0,1
0,3,0,0,0,0,0,0,0,0,0,2
0,3,0,0,0,0,0,0,0,0,0,1
0,3,0,0,0,0,0,0,0,0,0,0
0,3,0,0,0,0,0,0,0,0,0,2
0,3,0,0,0,0,0,0,0,0,0,1
0,3,0,0,0,0,0,0,0,0,0,1
0,3,0,0,0,0,0,0,0,0,0,2
0,3,1,2,0,1,1,1,0,2,1,0
0,3,0,0,0,0,0,0,0,0,0,1
0,3,0,0,1,0,1,0,0,1,1,0
0,3,0,0,0,0,0,0,0,0,0,1
0,3,0,0,0,0,0,0,0,0,0,0
0,3,0,0,0,0,0,0,0,0,0,0
0,3,0,0,0,0,0,0,0,0,0,2
0,3,0,0,0,0,0,0,0,0,0,1
0,3,0,0,0,0,0,0,0,0,0,2
0,3,0,0,0,0,0,0,0,0,0,1
0,3,0,0,0,0,0,0,0,0,0,2
0,3,0,0,0,0,0,0,0,0,0,2
0,3,0,0,0,0,0,0,0,0,0,2
0,3,2,1,0,0,0,0,0,1,0,0
0,3,0,1,0,0,0,1,0,0,0,0
0,3,0,0,0,0,0,0,0,0,0,0
0,3,0,0,0,0,0,0,0,0,0,1
0,3,1,0,0,0,0,0,0,1,1,0
0,3,0,0,0,0,0,0,0,0,0,1
0,3,0,0,0,0,0,0,0,0,0,1
0,3,0,0,0,0,0,0,0,1,0,1
0,3,0,0,0,0,0,0,0,0,0,1
0,3,0,0,0,0,0,0,0,1,0,2
0,3,0,0,0,0,0,0,0,0,0,0
0,3,0,0,0,0,0,0,0,0,0,1
0,3,0,0,0,0,0,0,0,0,0,2
0,3,0,0,0,0,0,0,0,0,0,2
0,3,0,0,0,0,0,0,0,0,0,1
0,3,1,0,0,0,0,0,0,0,0,1
0,3,0,0,0,0,0,0,0,0,0,1
0,3,0,0,0,0,0,0,0,0,0,1
0,3,0,0,0,0,0,0,0,0,0,1
0,3,0,0,0,0,0,0,0,0,0,1
0,3,0,0,0,0,0,0,0,0,0,0
0,3,0,0,0,0,0,0,0,0,0,0
0,3,1,0,0,0,0,0,0,0,0,0
0,3,2,1,0,0,1,1,0,1,1,1
0,3,0,0,0,0,0,0,0,0,0,0
0,3,0,0,0,0,0,0,0,1,0,0
0,3,0,0,0,0,0,0,0,0,0,2
0,3,0,0,0,0,0,0,0,0,0,2
0,3,1,0,0,1,0,1,0,1,1,1
0,3,0,0,0,0,0,0,0,0,0,0
0,3,0,0,0,0,0,0,0,0,0,1
0,3,0,0,0,0,0,0,0,0,0,1
0,3,0,0,0,0,0,0,0,0,0,1
0,3,0,0,0,0,0,0,0,0,0,1
0,3,0,0,0,0,0,0,0,0,0,1
0,3,0,0,0,0,0,0,0,0,0,2
0,3,0,0,0,0,0,0,0,0,0,2
0,3,0,0,0,0,0,0,0,0,0,1
0,3,0,0,0,0,0,0,0,0,0,1
0,3,0,0,0,0,0,0,0,0,0,1
0,3,0,0,0,0,0,0,0,0,0,2
0,3,0,0,0,0,0,0,0,1,0,1
0,3,0,0,0,0,0,0,0,0,0,2
0,3,0,0,0,0,0,0,0,1,0,2
0,3,0,0,0,0,0,0,0,0,0,0
0,3,0,0,0,0,0,0,0,0,0,1
0,3,0,0,0,0,0,0,0,0,0,0
0,3,0,0,0,0,0,0,0,0,0,0
0,3,0,0,0,0,0,0,0,0,0,0
0,3,1,0,0,0,0,0,0,0,0,1
0,3,0,0,0,0,0,0,0,0,0,2
0,3,0,0,0,0,0,0,0,1,0,1
0,3,0,0,0,0,0,0,0,0,0,0
0,3,0,0,0,0,0,0,0,0,0,1
0,3,0,0,0,0,0,0,0,0,0,2
0,3,0,0,0,0,0,0,0,0,0,0
0,3,0,0,0,0,0,0,0,0,0,0
0,3,0,0,0,0,0,0,0,0,0,2
0,3,0,0,0,0,0,0,0,0,0,2
0,3,0,0,0,1,1,1,0,2,0,1
0,3,0,0,0,0,0,0,0,0,1,2
0,3,0,0,0,0,0,0,0,0,0,2
0,3,0,0,0,0,0,0,0,0,0,2
0,3,0,0,0,0,0,0,0,0,0,2
0,3,0,0,0,0,0,0,0,0,0,0
0,3,0,0,0,0,0,0,0,0,0,2
0,3,0,0,0,0,0,0,0,0,0,0
0,3,0,0,0,0,0,0,0,0,0,2
0,3,0,0,0,0,0,0,0,0,0,2
0,3,0,0,0,0,0,0,0,0,0,0
0,3,0,0,0,0,0,0,0,0,0,2
0,3,0,0,0,0,0,0,0,0,0,1
0,3,0,0,0,0,0,0,0,0,0,1
0,3,1,0,0,0,0,0,0,0,0,1
0,3,0,0,0,0,0,0,0,0,0,2
0,3,1,1,0,1,1,1,0,1,0,0
0,3,1,0,0,0,0,0,0,1,0,1
0,3,0,0,0,0,0,0,0,0,0,2
0,3,0,0,0,0,0,0,0,0,0,2
0,3,0,0,0,0,0,0,0,0,0,2
0,3,0,0,0,0,0,0,0,0,0,2
0,3,0,0,0,0,0,0,0,0,0,2
0,3,0,0,0,0,0,0,0,0,0,2
0,3,1,2,1,1,2,2,1,2,2,0
0,3,0,0,0,0,0,0,0,0,0,1
0,3,0,0,0,0,0,0,0,0,0,1
0,3,0,0,0,0,0,0,0,0,0,0
0,3,0,0,0,0,0,0,0,0,0,1
0,3,0,0,0,0,0,0,0,0,0,1
0,3,0,0,0,0,0,0,0,0,0,1
0,3,0,0,0,0,0,0,0,1,1,1
0,3,1,0,0,1,0,0,0,1,1,0
0,3,0,0,0,0,0,0,0,0,0,1
0,3,0,0,0,0,0,0,0,0,0,2
0,3,0,0,0,0,0,0,0,0,0,1
0,3,1,1,0,1,1,1,0,1,0,0
0,3,0,0,0,0,1,0,0,0,0,1
0,3,1,0,0,0,0,0,0,0,0,2
0,3,1,1,0,0,0,0,0,1,0,1
0,3,0,0,0,0,0,0,0,0,0,2
0,3,0,0,0,0,0,0,0,0,0,2
0,3,0,0,0,0,0,0,0,0,0,0
0,3,0,0,0,0,0,0,0,0,0,2
0,3,0,0,0,0,0,0,0,0,0,0
0,3,0,1,1,0,0,0,0,1,0,2
0,3,0,0,0,0,0,0,0,0,0,2
0,3,1,0,0,0,0,0,0,0,0,1
0,3,0,1,0,0,0,0,0,1,0,0
0,3,0,0,0,0,0,0,0,0,0,0
0,3,0,0,0,0,0,0,0,0,0,1
0,3,0,0,0,0,0,0,0,0,0,1
0,3,0,0,0,0,0,0,0,0,0,2
0,3,0,0,0,0,0,0,0,0,0,2
0,3,1,0,0,0,0,0,0,1,0,0
0,3,0,0,0,0,0,0,0,0,0,2
0,3,0,0,0,0,0,0,0,0,0,0
0,3,0,0,0,0,0,0,0,0,0,2
0,3,1,0,0,0,0,0,0,0,0,1
0,3,0,0,0,0,0,0,0,1,0,0
0,3,0,0,0,0,0,0,0,0,0,1
0,3,0,0,0,0,0,0,0,0,0,1
0,3,1,0,0,0,0,0,0,0,0,2
0,3,0,0,0,0,0,0,0,0,0,2
0,3,0,1,0,0,0,0,0,1,0,0
0,3,0,0,0,0,0,0,0,0,0,1
0,3,0,0,0,0,0,0,0,0,0,2
0,3,0,0,0,0,0,0,0,0,1,2
0,3,0,0,0,0,0,0,0,0,0,1
0,3,0,0,0,0,0,0,0,0,0,2
0,3,0,0,0,0,0,0,0,0,0,1
0,3,1,0,0,0,0,0,1,0,1,1
0,3,1,0,1,1,0,0,0,0,0,1
0,3,0,0,0,0,0,0,0,0,0,0
0,3,0,0,0,0,0,0,0,0,0,1
0,3,1,0,0,0,0,0,0,0,0,1
0,3,0,0,0,0,0,0,0,0,0,1
0,3,0,0,0,0,0,0,0,0,0,2
0,3,0,0,0,0,0,0,0,0,0,1
0,3,1,0,0,0,0,0,0,0,1,0
0,3,0,0,0,0,0,0,0,0,0,0
0,3,0,0,0,0,0,0,0,0,0,0
0,3,0,1,0,0,1,0,0,2,0,0
0,3,0,0,0,0,0,0,0,0,0,1
0,3,0,0,0,0,0,0,0,0,0,1
0,3,0,0,0,0,0,0,0,0,0,1
0,3,0,0,0,0,0,0,0,0,0,2
0,3,0,0,0,0,0,0,0,0,0,1
0,3,1,2,0,1,1,1,0,2,0,1
0,3,0,0,0,0,0,0,0,0,0,2
0,3,0,0,0,0,0,0,0,0,0,1
0,3,1,0,0,1,0,1,0,1,0,0
0,3,0,0,0,0,0,0,0,0,0,1
0,3,0,0,0,0,0,0,0,0,0,0
0,3,0,0,0,0,0,0,0,0,0,1
0,3,0,0,0,0,0,0,0,0,0,0
0,3,0,0,0,0,0,0,0,0,0,1
0,3,0,0,0,0,0,0,0,0,0,2
0,3,0,0,0,0,0,0,0,0,0,0
0,3,0,0,0,0,0,0,0,0,0,2
0,3,0,0,0,0,0,0,0,0,0,1
0,3,0,0,0,0,0,0,0,0,0,2
0,3,0,0,0,0,0,0,0,0,0,2
0,3,0,0,0,0,0,0,0,0,0,1
0,3,0,0,0,0,0,0,0,0,0,1
0,3,0,0,0,0,0,0,0,0,0,2
0,3,0,0,0,0,0,0,0,0,0,0
0,3,0,0,0,0,0,0,0,0,0,1
0,3,0,0,0,0,0,0,0,0,0,1
0,3,0,0,0,0,0,0,0,0,0,1
0,3,0,0,0,0,0,0,0,1,0,0
0,3,0,0,0,0,0,0,0,0,0,1
0,3,0,0,0,0,0,0,0,0,0,2
0,3,0,0,0,1,0,0,0,0,1,1
0,3,0,0,0,0,0,0,0,0,0,2
0,3,0,0,0,0,0,0,0,0,0,0
0,3,0,0,0,0,0,0,0,0,0,2
0,3,0,0,0,0,0,0,0,0,0,2
0,3,0,0,0,0,0,0,0,0,0,2
0,3,0,0,0,0,0,0,0,0,0,1
0,3,0,0,0,0,0,0,0,0,0,2
0,3,0,0,0,0,0,0,0,0,0,2
0,3,0,0,0,0,0,0,0,0,0,2
0,3,0,0,0,0,0,0,0,0,0,0
0,3,0,0,0,0,0,0,0,0,0,2
0,3,0,0,0,0,0,0,0,0,0,2
0,3,0,0,0,0,0,0,0,0,0,2
0,3,0,0,0,0,0,0,0,0,0,0
0,3,0,0,0,0,0,0,0,0,0,0
0,3,0,0,0,0,0,0,0,0,0,2
0,3,0,0,0,0,0,0,0,0,0,2
0,3,1,0,0,0,0,0,0,0,0,0
0,3,0,0,0,0,0,0,0,0,0,1
0,3,1,1,1,1,1,0,0,1,0,1
0,3,0,0,0,0,0,0,0,0,0,1
0,3,0,1,1,0,0,0,0,1,0,0
0,3,0,0,0,0,0,0,0,0,0,2
0,3,0,0,0,1,1,1,0,1,0,1
0,3,0,0,0,0,0,0,0,0,0,1
0,3,0,0,0,0,0,0,0,0,0,2
0,3,0,0,0,0,0,0,0,0,0,0
0,3,0,0,0,0,0,0,0,0,0,2
0,3,1,0,0,0,0,0,0,0,0,2
0,3,0,0,0,0,0,0,0,0,0,1
0,3,0,0,0,0,0,0,0,0,0,2
0,3,0,0,0,0,0,0,0,1,0,1
0,3,0,0,0,0,0,0,0,0,0,2
0,3,0,0,0,0,0,0,0,0,0,1
0,3,0,0,0,0,0,0,0,0,0,1
0,3,0,0,0,0,0,0,0,0,0,0
0,3,0,0,0,0,0,0,0,0,0,2
0,3,0,0,0,0,0,0,0,0,0,2
0,3,0,0,0,0,0,0,0,0,0,1
0,3,0,0,0,0,0,0,0,0,0,1
0,3,0,0,0,0,0,0,0,0,0,0
0,3,0,0,0,0,0,0,0,0,0,1
0,3,0,0,0,0,0,0,0,0,0,1
0,3,0,0,0,0,0,0,0,0,0,2
0,3,0,0,0,0,0,0,0,0,0,2
0,3,0,0,0,0,0,0,0,0,0,0
0,3,0,0,0,0,0,0,0,0,0,0
0,3,0,0,0,0,0,0,0,0,0,1
0,3,0,0,0,0,0,0,0,0,0,2
0,3,0,0,0,0,0,0,0,0,0,2
0,3,0,0,0,0,0,0,0,0,0,1
0,3,1,0,0,0,0,0,0,1,1,1
0,3,0,0,0,0,0,0,0,0,0,1
0,3,0,0,0,0,0,0,0,0,0,0
0,3,0,0,0,0,0,0,0,0,0,1
0,3,0,0,0,0,0,0,0,0,0,0
0,3,0,0,0,0,0,0,0,0,0,2
0,3,0,0,0,0,0,0,0,1,0,0
0,3,0,1,0,0,0,0,0,0,0,1
0,3,0,0,0,0,0,0,0,0,0,2
0,3,0,0,0,0,0,0,0,0,0,2
0,3,0,0,0,0,0,0,0,0,0,1
0,3,0,0,0,0,0,0,0,0,0,0
0,3,0,0,0,0,0,0,0,0,0,2
0,3,0,0,0,0,0,0,0,0,0,0
0,3,0,0,0,0,0,0,0,0,0,1
0,3,0,0,0,0,0,0,0,0,0,0
0,3,0,0,0,0,0,0,0,0,0,2
0,3,0,0,0,0,0,0,0,0,0,2
0,3,0,0,0,0,0,0,0,0,0,1
0,3,0,0,0,0,0,0,0,0,0,1
0,3,0,0,0,0,0,0,0,0,0,2
0,3,0,0,0,0,0,0,0,0,0,1
0,3,0,0,0,0,0,0,0,1,0,1
0,3,0,0,0,0,0,0,0,1,0,1
0,3,0,0,0,0,0,0,0,0,0,1
0,3,0,0,0,0,0,0,0,0,0,2
0,3,0,0,0,0,0,0,0,0,0,0
0,3,0,0,0,0,0,0,0,0,0,2
0,3,1,0,0,0,0,0,0,0,0,1
0,3,0,0,0,0,0,0,0,0,1,2
0,3,0,0,0,0,0,0,0,0,0,1
0,3,0,0,0,0,0,0,0,0,0,2
0,3,0,0,0,0,0,0,0,0,0,2
0,3,0,0,0,0,0,0,0,0,0,1
0,3,0,0,0,0,0,0,0,0,1,2
0,3,0,0,0,0,0,0,0,0,0,0
0,3,0,0,0,0,0,0,0,0,0,1
0,3,0,0,0,0,0,0,0,0,0,2
0,3,0,0,0,0,0,0,0,0,0,1
0,3,0,0,0,0,0,0,0,0,0,0
0,3,0,0,0,0,0,0,0,0,0,2
0,3,0,0,0,0,0,0,0,0,0,1
0,3,0,0,0,0,0,0,0,0,0,1
0,3,0,0,0,0,0,0,0,0,0,2
0,3,0,0,0,0,0,0,0,0,0,0
0,3,0,0,0,0,0,0,0,0,0,2
0,3,0,0,0,0,0,0,0,1,0,1
0,4,0,0,0,0,0,0,0,0,0,2
0,4,2,2,1,2,2,1,0,2,2,1
0,4,0,0,0,0,0,0,0,0,0,1
0,4,0,0,0,0,0,0,0,0,0,0
0,4,0,0,0,0,0,0,0,0,0,0
0,4,2,0,0,0,0,0,0,0,0,1
0,4,0,1,0,1,1,1,0,0,0,0
0,4,0,0,0,0,0,0,0,0,0,2
0,4,0,1,0,0,0,0,0,1,0,1
0,4,2,0,0,0,0,0,0,0,0,1
0,4,0,0,0,0,0,0,0,1,1,1
0,4,0,0,0,0,0,1,0,0,0,0
0,4,0,0,0,0,0,0,0,0,0,2
0,4,0,0,0,0,0,0,0,0,0,1
0,4,0,0,0,0,0,0,0,0,1,1
0,4,0,0,0,0,0,0,0,1,0,1
0,4,0,0,0,0,0,0,0,0,0,0
0,4,0,0,0,0,0,0,0,0,0,2
0,4,0,0,0,0,0,0,0,0,0,2
0,4,0,0,0,0,0,0,0,0,0,2
0,4,0,0,0,0,0,0,0,0,0,2
0,4,0,0,0,0,0,0,0,0,0,2
0,4,0,0,0,0,0,0,0,0,0,0
0,4,0,0,0,0,0,0,0,0,0,2
0,4,0,0,0,0,0,0,0,0,0,1
0,4,0,0,0,0,0,0,0,0,0,1
0,4,0,0,1,1,0,0,0,0,0,1
0,4,0,0,0,0,0,0,0,0,0,2
0,4,0,0,0,0,0,0,0,0,0,2
0,4,0,0,0,0,0,0,0,0,0,1
0,4,0,0,0,0,0,0,0,0,0,0
0,4,0,0,0,0,0,0,0,0,0,1
0,4,0,0,0,0,0,0,0,0,0,2
0,4,0,0,0,0,0,0,0,0,0,0
0,4,0,0,0,0,0,0,0,0,0,2
0,4,1,0,0,0,0,0,0,1,0,2
0,4,0,0,0,0,0,0,0,0,0,1
0,4,0,0,0,0,0,0,0,0,0,0
0,4,0,0,0,0,0,0,0,0,0,0
0,4,0,0,0,0,0,0,0,0,0,2
0,4,0,0,0,0,0,0,0,0,0,1
0,4,1,0,0,0,0,0,0,0,0,0
0,4,0,0,0,0,0,0,0,0,0,0
0,4,0,0,0,0,0,0,0,0,0,2
0,4,0,0,0,0,0,0,0,0,0,0
0,4,0,0,0,0,0,0,0,0,0,1
0,4,0,0,0,0,0,0,0,0,0,1
0,4,0,0,0,0,0,0,0,0,1,1
0,4,1,0,1,0,0,0,0,0,0,2
0,4,0,0,0,0,0,0,0,0,0,2
0,4,0,0,0,0,0,0,0,0,0,0
0,4,0,0,0,0,0,0,0,0,0,2
0,4,0,0,0,0,0,0,0,0,0,1
0,4,0,0,0,0,0,0,0,0,0,1
0,4,0,0,0,0,0,0,0,0,0,0
0,4,0,0,0,0,0,0,0,0,0,1
0,4,0,0,0,0,0,0,0,1,0,0
0,4,0,0,0,0,0,0,0,0,0,1
0,4,0,0,0,0,0,0,0,0,0,1
0,4,0,0,0,0,0,0,0,0,0,1
0,4,1,0,0,0,0,0,0,1,0,0
0,4,0,0,0,0,1,0,0,0,0,1
0,4,0,0,0,0,0,0,0,0,0,0
0,4,0,0,0,0,0,0,0,0,0,0
0,4,0,0,0,0,0,0,0,0,0,1
0,4,0,0,0,0,0,0,0,0,0,1
0,4,0,0,0,0,0,0,0,0,0,1
0,4,0,1,0,0,0,0,0,1,0,0
0,4,1,0,0,0,0,0,0,0,0,1
0,4,0,0,0,0,0,0,0,0,0,1
0,4,0,1,1,0,0,0,0,1,0,0
0,4,0,0,0,0,0,0,0,0,0,2
0,4,0,0,0,0,0,0,0,0,0,2
0,4,0,0,1,1,0,0,0,1,0,0
0,4,0,0,0,0,0,0,0,0,0,0
0,4,0,0,0,0,0,0,0,0,0,0
0,4,0,0,0,0,0,0,0,0,0,1
0,4,0,0,0,0,0,0,0,0,0,0
0,4,0,0,0,0,0,0,0,0,0,2
0,4,0,0,0,0,0,0,0,0,0,0
0,4,0,0,0,0,0,0,0,0,0,2
0,4,0,0,0,0,0,0,0,0,0,1
0,4,0,0,0,0,0,0,0,0,0,2
0,4,0,0,0,0,0,0,0,0,0,0
0,4,0,0,0,0,0,0,0,0,0,1
0,4,1,1,0,0,1,0,0,1,0,0
0,4,0,1,0,0,1,0,0,1,0,1
0,4,0,0,0,0,0,0,0,0,0,1
0,4,0,0,0,0,0,0,0,0,0,1
0,4,0,1,0,0,0,0,0,1,0,0
0,4,0,0,0,0,0,0,0,1,0,0
0,4,0,0,0,0,0,0,0,0,0,2
0,4,0,0,0,0,0,0,0,0,0,0
0,4,0,0,1,0,0,0,0,0,0,2
0,4,0,0,0,0,0,0,0,0,0,0
0,4,0,0,0,0,0,0,0,0,0,0
0,4,0,0,0,0,0,0,0,0,0,2
0,4,0,0,0,0,0,0,0,0,0,1
0,4,0,0,0,0,0,0,0,0,0,2
0,4,0,0,0,0,0,0,0,0,0,1
0,4,0,0,0,0,0,0,0,0,0,0
0,4,0,0,1,0,0,1,0,0,0,1
0,4,0,0,0,0,0,0,0,0,0,2
0,4,0,0,0,0,0,0,0,0,0,1
0,4,0,1,1,0,0,0,0,0,0,2
0,4,0,0,1,0,0,0,0,0,0,1
0,4,0,0,0,0,0,0,0,0,0,1
0,4,0,0,0,0,0,0,0,0,0,2
0,4,0,0,0,0,0,0,0,0,0,2
0,4,0,0,0,0,0,0,0,0,0,1
0,4,1,0,0,0,0,1,0,1,0,1
0,4,0,1,0,0,1,1,0,1,1,1
0,4,1,0,1,0,0,0,0,1,0,2
0,4,0,0,0,0,0,0,0,0,0,1
0,4,0,0,0,0,0,0,0,0,0,2
0,4,0,0,0,0,0,0,0,0,0,2
0,4,1,0,0,0,0,0,0,0,0,1
0,4,0,1,0,0,1,0,0,1,0,0
0,4,0,0,0,0,0,0,0,0,0,1
0,4,0,0,0,0,0,0,0,0,0,2
0,4,1,0,0,0,0,0,0,1,1,0
0,4,0,0,0,0,0,0,0,0,0,2
0,4,1,0,0,0,0,0,0,0,0,0
0,4,0,0,0,0,0,0,0,0,0,1
0,4,0,0,0,0,0,0,0,0,0,1
0,4,0,0,0,0,0,0,0,0,0,2
0,4,0,0,0,0,0,0,0,0,0,1
0,4,1,0,0,0,0,0,0,0,0,1
0,4,0,0,0,0,0,0,0,0,0,2
0,4,0,0,0,0,0,0,0,0,0,0
0,4,0,0,0,0,0,0,0,0,0,2
0,4,0,0,0,0,0,0,0,0,0,1
0,4,0,0,0,0,0,0,0,0,0,2
0,4,0,0,0,0,0,0,0,0,0,2
0,4,0,0,0,0,0,0,0,1,0,2
0,4,2,1,0,1,0,1,0,2,1,0
0,4,0,0,0,0,0,0,0,1,0,0
0,4,0,0,0,0,0,0,0,0,0,0
0,4,0,1,1,1,1,0,0,2,1,0
0,4,0,0,0,0,0,0,0,0,0,1
0,4,1,0,0,0,0,0,0,1,1,1
0,4,0,0,0,0,0,0,0,0,0,2
0,4,0,0,0,0,0,0,0,0,0,0
0,4,0,0,0,0,0,0,0,0,0,1
0,4,0,0,0,0,0,0,0,0,0,1
0,4,0,0,0,0,0,0,0,0,0,0
0,4,0,0,0,0,0,0,0,0,0,1
0,4,0,0,0,0,0,0,0,0,0,0
0,4,0,0,0,0,0,0,0,0,0,1
0,4,1,1,0,0,0,0,0,1,0,0
0,4,0,0,0,0,0,0,0,0,0,1
0,4,0,0,0,0,0,0,0,0,0,0
0,4,1,1,0,1,1,1,1,0,0,0
0,4,0,0,0,0,0,0,0,0,0,2
0,4,0,0,0,0,0,0,0,0,0,0
0,4,0,0,0,0,0,0,0,0,0,1
0,4,0,0,0,0,0,0,0,0,0,0
0,4,0,0,0,0,0,0,0,0,0,0
0,4,0,0,0,0,0,0,0,0,0,2
0,4,0,0,0,0,0,0,0,1,0,1
0,4,0,0,0,0,0,0,0,0,0,1
0,4,0,0,0,0,0,0,0,0,0,1
0,4,0,0,0,0,0,0,0,1,0,1
0,4,0,0,0,0,0,0,0,0,0,2
0,4,0,0,0,0,0,0,0,0,0,2
0,4,0,0,0,0,0,0,0,1,0,2
0,4,0,0,0,0,0,0,0,0,0,1
0,4,0,0,0,0,0,0,0,0,0,2
0,4,0,0,0,0,0,1,0,0,0,0
0,4,0,0,0,0,0,0,0,0,0,0
0,4,0,0,0,0,0,0,0,0,0,2
0,4,1,0,0,0,0,1,0,1,1,0
0,4,0,0,0,0,0,0,0,1,0,2
0,4,0,0,0,0,0,0,0,0,0,0
0,4,0,0,0,0,0,0,0,0,0,2
0,4,0,0,0,0,0,0,0,0,0,2
0,4,0,0,0,0,0,0,0,0,0,2
0,4,0,0,0,0,0,0,0,0,0,0
0,4,0,0,0,0,0,0,0,0,0,2
0,4,1,0,0,0,0,0,0,1,0,2
0,4,0,0,0,0,0,0,0,0,0,0
0,4,0,1,0,0,0,0,0,0,0,0
0,4,0,0,0,0,0,0,0,0,0,2
0,4,0,0,0,0,0,0,0,0,0,2
0,4,0,0,0,0,0,0,0,0,0,0
0,4,0,0,0,0,0,0,0,0,0,0
0,4,0,0,0,1,1,0,0,1,0,1
0,4,0,0,0,0,0,0,0,0,0,0
0,4,0,0,0,0,0,0,0,0,0,0
0,4,0,0,0,0,0,1,1,0,1,1
0,4,2,2,0,1,1,2,1,2,1,0
0,4,0,0,0,0,0,0,0,0,1,2
0,4,0,0,0,0,0,0,0,0,0,2
0,4,0,0,0,0,0,1,0,0,0,0
0,4,0,0,0,0,0,0,0,0,0,2
0,4,0,0,0,0,0,0,0,0,0,2
0,4,0,0,0,0,0,0,0,0,0,2
0,4,0,0,0,0,0,0,0,0,0,2
0,4,0,0,0,0,0,0,0,0,0,1
0,4,0,0,0,0,0,0,0,0,0,1
0,4,0,0,0,0,0,0,0,0,0,2
0,4,0,0,0,0,0,0,0,0,0,1
0,4,0,0,0,0,0,0,0,0,0,0
0,4,0,0,0,0,0,0,0,0,0,1
0,4,0,0,0,0,0,0,0,0,0,2
0,4,0,0,0,0,0,0,0,0,0,2
0,4,0,0,0,0,0,0,0,0,0,1
0,4,0,0,0,0,0,0,0,0,0,2
0,4,0,0,0,0,0,0,0,0,0,2
0,4,0,0,0,0,0,0,0,0,0,1
0,4,0,0,0,0,0,0,0,0,0,0
0,4,0,0,0,0,0,0,0,0,0,1
0,4,0,1,0,0,1,0,0,1,1,0
0,4,0,0,0,0,0,0,0,0,0,2
0,4,0,0,0,0,0,0,0,0,0,2
0,4,0,0,0,0,0,0,0,0,0,0
0,4,0,0,0,0,0,0,0,0,0,1
0,4,0,0,0,0,0,0,0,0,0,2
0,4,0,0,0,0,0,0,0,0,0,2
0,4,0,0,0,0,0,0,0,0,0,2
0,4,0,0,0,0,0,0,0,0,0,2
0,4,0,0,0,0,0,0,0,0,0,2
0,4,0,0,0,0,0,0,0,0,0,2
0,4,0,0,0,0,0,0,0,0,0,2
0,4,0,0,0,0,0,0,0,0,0,2
0,4,0,0,0,0,0,0,0,0,0,0
0,4,0,0,0,0,0,0,0,0,0,1
0,4,0,0,0,0,0,0,0,0,0,2
0,4,0,0,0,0,0,0,0,0,0,0
0,4,0,0,0,0,0,0,0,0,0,2
0,4,0,0,0,0,1,0,0,0,0,0
0,4,0,0,0,0,0,0,0,0,0,0
0,4,0,0,0,0,0,0,0,0,0,2
0,4,0,0,0,0,0,0,0,0,0,2
0,4,0,0,0,0,0,0,0,0,0,1
0,4,0,0,0,0,0,0,0,0,0,1
0,4,0,0,0,0,0,0,0,0,0,2
0,4,0,0,0,0,0,0,0,0,0,0
0,4,0,0,0,0,0,0,0,0,0,1
0,4,1,0,0,0,0,0,0,1,1,0
0,4,0,0,0,0,0,0,0,0,0,1
0,4,0,0,0,0,0,1,0,1,0,1
0,4,0,0,0,0,0,0,0,0,0,2
0,4,0,0,0,0,0,0,0,1,0,1
0,4,0,0,0,0,0,0,0,1,1,0
0,4,0,0,0,0,0,0,0,0,0,2
0,4,0,0,0,0,0,0,0,0,0,0
0,4,0,0,0,0,0,0,0,0,0,2
0,4,0,0,0,0,0,0,0,0,0,2
0,4,0,0,0,0,0,0,0,0,1,1
0,4,1,1,0,1,0,1,0,1,0,0
0,4,0,0,0,0,0,0,0,0,0,0
0,4,0,0,0,0,0,0,0,0,0,1
0,4,0,0,0,0,0,0,0,0,0,2
0,4,0,0,0,0,0,0,0,0,0,1
0,4,0,0,0,0,0,0,0,0,0,1
0,4,0,0,0,0,0,0,0,0,0,2
0,4,0,0,0,0,0,0,0,0,0,0
0,4,0,0,0,0,0,0,0,0,0,1
0,4,1,1,0,0,0,0,0,1,2,0
0,4,0,0,0,0,0,0,0,0,0,0
0,4,0,0,0,0,0,0,0,0,0,0
0,4,0,0,0,0,0,0,0,0,0,2
0,4,0,0,0,0,0,0,0,0,0,1
0,4,0,0,0,0,0,0,0,0,0,2
0,4,0,0,0,0,0,0,0,0,0,0
0,4,0,0,0,0,0,0,0,0,0,2
0,4,0,0,0,0,0,0,0,0,0,2
0,4,0,0,0,0,0,0,0,0,0,2
0,4,0,0,0,0,0,0,0,0,0,2
0,4,0,0,0,0,0,0,0,1,0,2
0,4,0,0,0,0,0,0,0,0,0,0
0,4,0,0,0,0,0,0,0,0,0,2
0,4,0,0,0,0,0,0,0,0,0,0
0,4,0,0,0,0,0,0,0,0,0,2
0,4,0,0,0,0,0,0,0,0,0,2
0,4,0,0,0,0,0,0,0,0,0,2
0,4,0,0,0,0,0,0,0,0,0,0
0,4,0,0,0,0,0,0,0,0,0,2
0,4,0,0,0,0,0,0,0,0,0,1
0,4,0,0,0,0,0,0,0,0,0,2
0,4,0,0,0,0,0,0,0,0,1,0
0,4,1,0,0,0,0,0,0,0,0,2
0,4,0,0,0,0,0,0,0,0,0,2
0,4,1,0,1,0,0,0,0,1,0,0
0,4,2,0,0,0,0,0,0,0,0,2
0,4,0,0,0,0,0,0,0,0,0,0
0,4,1,0,0,0,0,0,0,0,0,1
0,4,0,0,0,0,0,0,0,0,0,2
0,4,0,0,0,0,0,0,0,0,0,0
0,4,0,0,0,0,0,0,0,0,0,2
0,4,0,0,0,0,0,0,0,0,0,2
0,4,0,0,0,0,0,0,0,0,0,0
0,4,0,0,0,0,0,0,0,1,0,0
0,4,0,0,0,0,0,0,0,0,0,0
0,4,0,0,0,0,0,0,0,0,0,1
0,4,0,0,0,0,0,1,0,1,0,0
0,4,0,0,0,0,0,0,0,0,0,1
0,4,0,0,0,0,0,0,0,0,0,2
0,4,0,0,0,0,0,0,0,0,0,0
0,4,0,0,0,0,1,0,0,0,0,0
0,4,0,0,0,0,0,0,0,0,0,0
0,4,0,0,0,0,0,0,0,0,0,2
0,4,0,0,0,0,0,0,0,0,0,1
0,4,0,0,0,0,0,0,0,0,0,1
0,4,0,0,0,0,0,0,0,0,0,0
0,4,0,0,0,0,0,0,0,0,0,1
0,4,0,0,0,0,0,0,0,0,0,2
0,4,0,0,0,0,0,0,0,0,0,0
0,4,0,0,0,0,0,0,0,0,0,2
0,4,0,0,0,0,0,1,0,1,0,2
0,4,0,0,0,0,0,0,0,0,0,0
0,4,0,0,0,0,0,0,0,0,0,0
0,4,0,0,0,0,0,0,0,0,0,2
0,4,0,0,0,0,0,0,0,0,0,2
0,4,1,0,0,0,0,0,0,1,0,1
0,4,0,0,0,0,0,0,0,1,0,0
0,4,0,0,0,0,0,0,0,0,0,2
0,4,0,1,0,0,1,1,0,1,0,0
0,4,0,0,0,0,0,0,0,0,0,2
0,4,0,0,0,0,0,0,0,0,0,0
0,4,0,0,0,0,0,0,0,1,0,0
0,4,0,0,0,0,0,0,0,0,0,1
0,4,1,0,0,0,0,0,0,0,0,2
0,4,0,0,0,0,0,0,0,0,0,1
0,4,0,0,0,0,0,0,0,0,0,0
0,4,0,0,0,0,0,1,0,1,0,0
0,4,0,0,0,0,0,0,0,0,0,1
0,4,0,0,0,0,0,0,0,0,0,2
0,4,0,0,0,0,0,0,0,0,0,1
0,4,0,0,0,0,0,0,0,0,0,2
0,4,0,0,0,0,0,0,0,0,0,0
0,4,0,0,0,0,0,0,0,0,0,2
1,2,0,1,0,0,1,0,0,0,0,1
1,2,0,0,0,0,0,0,0,0,0,1
1,2,0,0,0,0,0,0,0,1,0,1
1,2,0,0,0,0,0,0,0,0,0,1
1,2,0,0,0,0,0,0,0,0,0,1
1,2,0,0,0,0,0,0,0,1,0,2
1,2,1,1,0,0,0,0,0,1,0,0
1,2,1,0,1,0,0,0,0,1,1,0
1,2,0,0,0,0,0,0,0,1,0,2
1,2,0,0,0,0,0,0,0,1,0,1
1,2,0,0,0,0,0,0,0,0,0,0
1,2,0,0,0,0,0,0,0,0,0,0
1,2,0,0,0,0,0,0,0,0,0,0
1,2,0,0,0,0,0,0,0,0,0,1
1,2,0,0,0,0,0,0,0,0,0,2
1,2,0,0,0,0,0,0,0,0,0,0
1,2,0,0,0,0,0,0,0,0,0,0
1,2,2,1,1,1,2,2,0,2,1,1
1,2,0,0,0,0,0,0,0,0,0,0
1,2,1,1,1,1,0,2,1,2,1,0
1,2,0,0,0,0,1,0,0,0,1,2
1,2,1,1,0,1,1,0,0,1,0,0
1,2,0,0,0,0,0,0,0,0,0,2
1,2,0,0,0,0,0,0,0,1,0,1
1,2,0,0,0,0,0,0,0,0,0,1
1,2,0,0,0,0,0,0,0,1,0,0
1,2,1,2,1,1,1,1,0,1,1,1
1,2,0,0,1,0,0,0,0,0,0,2
1,2,2,2,1,1,2,1,0,2,0,0
1,2,0,0,0,0,0,0,0,0,0,0
1,2,0,0,0,0,0,0,0,0,0,1
1,2,0,0,0,0,0,0,0,0,0,1
1,2,0,0,0,0,0,0,0,0,0,1
1,2,0,0,0,0,0,0,0,1,0,1
1,2,0,0,0,0,0,0,2,1,0,1
1,2,0,0,0,0,0,0,0,1,0,0
1,2,0,0,0,0,0,0,0,0,0,0
1,2,0,1,2,0,2,1,2,0,2,0
1,2,0,0,0,0,0,0,0,0,0,2
1,2,0,0,0,0,0,0,0,0,0,0
1,2,1,1,0,1,0,0,0,2,0,0
1,2,0,0,0,0,0,0,0,0,0,2
1,2,1,0,1,1,0,1,1,1,1,1
1,2,0,0,0,0,0,0,0,0,0,2
1,2,0,1,0,0,1,2,0,0,0,2
1,2,1,1,0,0,0,0,0,1,0,0
1,2,0,0,0,1,0,1,1,1,0,1
1,2,0,0,0,0,0,0,0,0,0,2
1,2,1,1,0,0,0,0,0,1,0,1
1,2,0,1,1,1,1,1,1,1,1,1
1,2,0,0,0,0,0,0,0,1,0,2
1,2,1,1,1,1,0,1,0,1,0,0
1,2,1,0,1,0,1,0,0,0,0,1
1,2,1,0,0,0,0,1,0,0,0,1
1,2,0,0,0,0,0,1,0,0,0,0
1,2,0,0,0,0,0,0,0,0,0,1
1,2,0,0,0,0,0,0,0,1,0,0
1,2,0,0,0,0,0,0,0,0,0,2
1,2,0,0,0,0,0,0,0,0,0,0
1,2,0,0,0,0,0,0,0,0,0,1
1,2,0,0,0,0,0,0,0,0,0,2
1,2,0,0,0,0,0,0,0,0,0,1
1,2,0,0,0,0,0,0,0,0,0,2
1,2,0,1,1,0,0,0,0,1,1,1
1,2,0,1,0,1,1,0,0,1,0,1
1,2,0,0,0,0,0,0,0,0,0,1
1,2,1,1,0,0,1,0,0,1,1,1
1,2,0,0,0,0,0,0,0,0,0,0
1,2,0,0,0,0,0,0,0,0,0,1
1,2,0,0,0,0,0,0,0,0,0,0
1,2,0,0,0,0,0,0,0,0,0,2
1,2,0,0,0,0,0,0,0,0,0,1
1,2,0,0,0,0,1,1,1,1,2,0
1,2,1,0,0,0,0,0,0,1,0,0
1,2,0,0,0,0,0,0,0,0,0,0
1,2,0,0,0,0,0,0,0,1,0,2
1,2,0,0,0,0,0,0,0,0,0,2
1,2,0,0,0,0,0,0,0,0,0,1
1,2,0,0,0,0,0,0,0,0,0,2
1,2,0,0,0,0,0,0,0,0,0,0
1,2,0,0,0,0,0,0,0,1,1,0
1,2,0,0,0,0,0,0,0,0,0,0
1,2,0,0,0,0,0,0,0,0,0,2
1,2,0,0,0,0,0,0,0,0,1,0
1,2,1,0,0,0,1,0,0,0,1,0
1,2,0,0,0,0,0,1,0,0,0,1
1,2,0,0,0,0,0,0,0,0,0,2
1,2,1,0,0,0,0,0,0,1,0,1
1,2,0,0,0,0,0,0,0,0,0,1
1,2,0,0,0,0,0,0,0,0,1,0
1,2,0,0,0,0,0,0,0,0,0,2
1,2,0,0,0,0,0,0,0,0,0,1
1,2,0,0,0,0,0,0,0,0,0,2
1,2,0,0,0,1,1,0,0,1,0,2
1,2,0,0,1,0,0,0,0,1,0,2
1,2,0,0,0,0,0,0,0,0,0,2
1,2,0,0,1,0,0,0,0,1,1,0
1,2,0,0,1,0,0,0,0,1,1,1
1,2,0,0,0,0,0,0,0,0,0,1
1,2,0,0,0,0,0,0,0,0,0,2
1,2,0,0,0,0,0,0,0,0,0,2
1,2,1,1,1,0,1,0,1,1,1,0
1,2,0,0,0,0,0,0,0,0,0,1
1,2,0,0,0,0,0,0,0,1,0,2
1,2,0,0,0,0,0,0,0,0,0,0
1,2,0,0,0,0,0,0,0,0,0,0
1,2,0,0,0,0,0,0,0,1,0,2
1,2,0,0,0,0,0,0,0,0,0,0
1,2,0,1,1,0,0,0,0,1,0,1
1,2,0,0,0,0,0,0,0,0,0,1
1,2,0,0,0,0,0,0,0,0,0,1
1,2,0,0,0,0,0,0,0,0,0,1
1,2,0,0,0,0,0,0,0,1,0,1
1,2,0,0,0,0,0,0,0,2,0,1
1,2,1,0,0,1,0,0,0,1,0,0
1,2,0,0,0,0,0,0,0,0,0,0
1,2,0,0,0,0,0,0,0,0,0,1
1,2,0,0,0,0,0,0,0,0,0,2
1,2,0,0,0,0,0,0,0,1,0,0
1,2,0,0,0,0,0,0,0,0,0,1
1,2,1,0,0,0,0,0,0,0,1,1
1,2,0,0,0,0,0,0,0,1,0,0
1,2,0,0,1,0,0,0,0,1,1,2
1,2,0,0,0,0,0,0,0,0,0,0
1,2,0,0,0,0,0,0,0,0,0,1
1,2,0,0,0,0,0,0,0,1,1,1
1,2,0,0,0,0,0,0,0,0,0,2
1,2,0,0,0,0,1,1,0,1,0,0
1,2,0,0,0,0,0,0,0,1,0,1
1,2,0,0,0,0,0,0,0,0,0,1
1,2,0,0,0,0,0,0,0,0,0,1
1,2,0,0,0,0,0,0,0,0,0,1
1,2,1,0,0,0,0,0,0,1,0,0
1,2,0,0,0,0,0,0,0,0,0,2
1,2,0,0,0,0,0,0,0,0,0,0
1,2,1,1,0,0,0,0,1,1,1,2
1,2,0,0,0,0,0,0,0,0,0,0
1,2,0,0,0,0,0,0,0,0,0,1
1,2,0,0,0,0,0,0,0,0,0,1
1,2,0,0,0,0,0,0,0,0,0,1
1,2,0,0,0,0,0,0,0,0,0,2
1,2,0,0,0,0,0,0,0,0,0,1
1,2,0,1,0,0,0,0,0,1,0,0
1,2,0,0,0,0,0,0,0,0,0,0
1,2,0,0,0,0,0,0,0,0,0,2
1,2,0,0,0,0,0,0,0,0,0,1
1,2,1,1,1,1,1,1,1,2,1,1
1,2,1,1,0,0,0,0,1,2,1,1
1,2,0,0,0,0,0,0,0,0,0,2
1,2,0,0,0,0,0,0,0,0,0,2
1,2,1,1,1,1,1,1,1,2,1,0
1,2,0,1,0,0,0,0,0,1,0,1
1,2,0,0,0,0,0,0,0,0,0,2
1,2,0,0,0,0,0,0,0,0,0,0
1,2,0,0,0,0,0,0,0,0,0,0
1,2,0,2,0,0,2,1,1,1,2,0
1,2,0,0,0,0,0,0,0,0,0,2
1,2,0,0,0,0,0,0,0,0,0,1
1,2,0,0,0,0,0,0,0,0,0,0
1,2,0,0,0,0,0,0,0,0,0,1
1,2,0,0,0,0,0,0,0,0,0,0
1,2,0,0,1,0,1,1,0,0,0,1
1,2,0,0,0,0,0,0,0,0,0,2
1,2,0,0,0,0,0,0,0,0,0,2
1,2,0,0,0,0,0,0,0,1,1,1
1,2,1,0,0,0,0,0,0,0,2,1
1,2,0,0,0,0,0,0,0,0,0,0
1,2,0,0,0,0,0,0,0,0,0,1
1,2,0,0,0,0,0,0,0,1,0,0
1,2,0,0,0,0,0,0,0,1,0,1
1,2,0,0,0,0,0,0,0,1,0,2
1,2,0,0,0,0,0,0,0,0,0,2
1,2,0,0,0,0,0,0,0,0,0,0
1,2,1,0,0,0,0,1,0,0,0,1
1,2,0,0,0,0,0,0,0,0,0,0
1,2,0,0,0,0,0,0,0,0,0,0
1,2,0,0,1,0,0,0,0,1,1,0
1,2,0,1,1,0,0,0,0,1,0,0
1,2,0,0,0,0,0,0,0,0,0,1
1,2,0,0,0,0,0,0,0,0,0,2
1,2,0,0,0,0,0,0,0,0,0,0
1,2,0,0,0,0,0,0,0,0,0,0
1,2,0,0,0,0,0,0,0,0,0,2
1,2,0,0,1,0,0,0,0,1,0,0
1,2,0,0,0,0,0,0,0,0,0,2
1,2,0,0,0,0,0,0,0,0,0,2
1,2,0,0,0,0,0,0,0,0,0,2
1,2,0,0,0,0,0,0,0,0,0,1
1,2,0,0,0,0,0,0,0,0,0,2
1,2,0,0,0,0,0,0,0,0,0,1
1,2,0,0,0,0,0,0,0,0,0,0
1,2,1,1,0,1,1,2,1,2,1,0
1,2,0,0,0,0,0,0,0,1,1,1
1,2,0,0,0,0,0,0,0,0,0,2
1,2,0,0,0,0,0,0,0,1,1,2
1,2,1,0,0,0,0,0,0,1,1,2
1,2,0,0,0,0,0,0,0,1,0,0
1,2,0,0,0,0,0,0,0,1,0,0
1,2,0,1,1,1,1,2,1,1,2,1
1,2,0,0,0,0,0,0,0,1,0,2
1,2,0,0,0,0,0,0,0,1,1,0
1,2,0,0,0,0,0,0,0,0,0,1
1,2,0,0,0,0,0,0,0,0,0,2
1,2,0,0,0,0,0,0,0,0,0,1
1,2,0,0,0,0,0,0,0,0,0,1
1,2,0,0,0,0,0,0,0,1,0,0
1,2,0,1,0,0,0,0,0,2,0,0
1,2,1,1,0,0,0,1,0,1,0,0
1,2,0,0,0,0,1,0,0,1,0,0
1,2,0,0,0,0,0,0,0,0,0,1
1,2,0,0,1,0,0,0,0,0,0,2
1,2,0,0,0,0,0,0,0,0,0,2
1,2,0,0,0,0,0,0,0,0,0,1
1,2,0,0,0,0,0,0,0,0,0,0
1,2,0,0,0,0,0,0,0,0,0,0
1,2,0,0,0,0,0,0,0,0,0,2
1,2,0,0,0,0,1,1,0,1,1,1
1,2,0,1,1,1,1,1,1,1,1,0
1,2,0,0,0,0,0,0,0,1,0,2
1,2,0,2,1,0,1,1,0,1,1,0
1,2,0,0,0,0,0,0,0,0,0,1
1,2,1,1,1,0,0,0,0,1,0,2
1,2,0,0,0,0,0,0,0,0,1,1
1,2,0,0,0,0,0,0,0,0,0,0
1,2,0,0,0,0,0,0,0,0,0,1
1,2,1,1,1,1,1,1,1,2,2,0
1,2,0,0,0,0,0,0,0,1,0,0
1,2,1,0,0,0,0,0,0,0,0,1
1,2,0,1,1,1,1,1,1,1,0,1
1,2,0,0,0,0,1,0,0,1,0,1
1,2,2,0,1,0,1,0,0,1,2,1
1,2,1,0,0,0,0,1,0,0,0,0
1,2,0,0,0,0,0,0,0,1,0,0
1,2,0,0,0,0,0,0,0,0,0,0
1,2,0,0,0,0,0,0,0,0,0,1
1,2,0,0,0,0,0,0,0,0,0,1
1,2,0,0,0,0,0,0,0,0,0,0
1,2,0,0,0,0,0,0,0,0,0,2
1,2,0,0,0,0,0,0,0,0,0,1
1,2,0,0,0,0,0,0,0,0,0,1
1,2,0,0,0,0,0,0,0,0,0,1
1,2,0,1,0,0,1,1,0,2,1,0
1,2,0,0,1,0,0,1,0,1,0,2
1,2,1,0,0,0,0,0,0,0,0,2
1,2,0,1,1,1,2,1,0,1,1,2
1,2,0,0,0,0,0,1,0,1,0,2
1,2,0,0,0,0,0,0,0,0,0,0
1,2,0,0,0,0,0,0,0,0,0,0
1,2,0,0,0,0,0,0,0,0,0,1
1,2,0,0,0,0,0,0,0,0,0,2
1,2,0,1,1,0,0,0,1,0,1,0
1,2,0,0,0,0,0,0,0,0,0,0
1,2,0,1,0,0,0,1,0,1,1,1
1,2,0,0,0,0,0,0,0,2,0,1
1,2,2,2,1,0,0,0,1,2,0,0
1,2,0,0,0,0,0,0,0,0,0,1
1,2,0,0,1,0,1,0,0,1,1,2
1,2,0,1,1,0,1,0,0,1,0,2
1,2,1,0,0,0,0,0,0,1,0,2
1,2,0,1,0,0,0,0,0,1,0,0
1,2,0,0,0,0,0,0,0,0,0,2
1,2,0,0,1,0,0,0,1,1,1,0
1,2,0,0,0,0,0,0,0,1,0,1
1,2,1,0,0,1,0,1,0,1,0,0
1,2,1,1,0,0,1,0,0,1,0,0
1,2,0,0,0,0,0,0,0,0,0,0
1,2,0,0,0,0,0,0,0,1,0,1
1,2,0,0,0,0,0,0,0,0,0,2
1,2,0,0,0,0,0,0,0,0,0,1
1,2,0,0,0,0,0,0,0,0,0,2
1,2,0,0,0,0,0,0,1,1,1,1
1,2,0,0,0,0,0,0,0,0,0,0
1,2,0,0,0,0,0,0,0,0,0,0
1,2,1,2,1,1,0,1,1,2,0,0
1,2,0,0,0,0,0,0,0,0,0,2
1,2,0,0,0,0,0,0,0,0,0,0
1,2,0,0,0,0,0,0,0,0,0,1
1,2,0,1,1,1,1,1,0,2,0,0
1,2,0,0,0,0,0,0,0,0,0,1
1,2,0,0,0,0,0,0,0,0,0,1
1,2,0,0,0,0,0,0,0,0,0,1
1,2,0,0,0,0,0,0,0,0,0,0
1,2,0,0,0,0,0,0,0,0,0,2
1,2,2,2,1,1,1,2,0,2,1,0
1,2,0,0,0,0,0,0,0,0,0,2
1,2,0,0,0,0,0,0,0,0,0,0
1,2,0,0,0,0,0,0,0,0,1,0
1,2,0,0,0,0,0,0,0,1,0,0
1,2,0,2,2,1,1,0,0,2,0,0
1,2,0,0,1,0,0,0,0,0,0,1
1,2,0,0,0,0,0,0,0,1,0,0
1,2,0,0,0,0,0,0,0,1,1,2
1,2,0,1,0,0,0,0,0,1,0,0
1,2,0,0,0,0,0,0,0,1,0,2
1,2,1,1,1,1,1,1,0,1,0,0
1,2,0,0,0,0,0,0,0,1,0,2
1,2,0,0,0,0,0,0,0,0,0,2
1,2,0,0,0,0,0,0,0,0,0,0
1,2,1,0,0,0,0,0,0,0,0,1
1,2,0,0,1,0,0,0,0,1,0,0
1,2,0,0,0,0,0,0,0,0,0,2
1,2,2,0,0,0,0,0,0,0,0,0
1,2,0,0,0,0,0,0,0,0,1,0
1,2,0,0,0,0,0,0,0,0,0,2
1,2,1,0,0,0,0,0,0,0,0,0
1,2,0,0,0,0,0,0,0,0,0,1
1,2,0,1,1,1,1,1,0,1,0,1
1,2,0,0,0,0,0,0,0,0,0,1
1,2,0,0,0,0,0,0,0,0,0,0
1,2,0,1,0,0,0,0,0,1,0,0
1,2,0,0,0,0,0,0,0,0,0,1
1,2,0,1,1,0,0,0,0,1,0,0
1,2,0,1,1,0,0,0,0,2,0,0
1,2,0,0,0,0,0,0,0,0,0,1
1,2,0,0,0,0,0,0,0,1,1,0
1,2,0,0,0,0,0,0,0,0,0,2
1,2,0,0,0,0,0,0,0,0,0,1
1,2,1,0,0,0,0,0,0,0,0,2
1,2,0,0,0,0,0,0,0,0,0,2
1,2,0,0,0,0,0,0,0,0,0,2
1,2,0,0,0,0,0,0,0,0,0,1
1,2,0,0,0,0,0,0,0,0,0,1
1,2,0,0,0,0,0,0,0,0,0,1
1,2,0,2,0,0,0,0,0,2,0,2
1,2,1,2,0,1,2,2,0,1,0,2
1,2,0,0,0,0,0,0,0,0,0,2
1,2,0,0,0,0,0,0,0,0,0,0
1,2,0,0,0,0,0,0,0,0,0,2
1,2,0,0,0,0,0,0,0,0,0,0
1,2,0,0,0,0,0,0,0,0,0,0
1,2,0,0,0,0,0,0,0,1,2,0
1,2,0,0,0,0,0,0,0,0,0,0
1,2,0,1,0,1,1,0,1,1,1,1
1,2,0,0,0,0,0,0,0,0,0,0
1,2,0,1,1,1,1,0,0,1,1,0
1,2,0,0,0,0,0,0,0,0,0,0
1,2,0,0,0,0,0,0,0,1,0,1
1,2,0,0,0,0,1,0,0,0,0,1
1,2,0,0,0,0,0,0,0,0,0,1
1,2,0,0,0,0,0,0,0,0,0,1
1,2,0,0,0,0,0,0,0,2,0,1
1,2,0,0,0,0,0,0,0,0,1,2
1,2,0,0,0,0,0,0,0,0,0,0
1,2,0,0,0,0,0,0,0,0,0,2
1,2,0,0,0,0,0,0,0,0,0,1
1,2,0,0,0,0,0,0,0,0,0,2
1,2,0,1,1,1,0,0,0,0,0,0
1,2,0,0,0,0,0,0,0,0,0,1
1,2,0,0,0,0,0,0,0,1,0,1
1,2,0,0,0,0,0,0,0,0,1,1
1,2,0,0,0,0,0,0,0,0,0,1
1,2,0,0,0,0,0,0,0,0,0,2
1,2,0,0,0,0,0,0,0,0,0,2
1,2,1,1,0,0,1,1,0,1,1,0
1,2,1,0,0,0,0,0,0,1,1,0
1,2,0,0,0,0,0,0,0,0,0,1
1,2,0,0,0,0,0,0,0,0,0,0
1,2,0,0,0,0,1,0,0,0,0,2
1,2,0,0,0,0,0,0,0,0,0,1
1,2,0,0,0,0,0,0,0,0,0,1
1,2,0,0,0,0,0,0,0,0,0,0
1,2,0,0,0,0,0,0,0,0,0,0
1,2,0,0,0,0,0,0,0,0,0,1
1,2,0,0,0,0,0,0,0,0,0,0
1,2,0,0,0,0,0,0,0,0,0,1
1,2,0,0,0,0,0,0,0,0,0,1
1,2,0,0,0,0,0,0,0,1,0,1
1,2,1,0,0,0,1,0,0,1,1,1
1,2,0,0,0,0,0,0,0,1,0,1
1,2,0,0,0,0,0,0,0,0,0,0
1,2,0,0,0,0,0,0,0,1,1,0
1,2,0,0,0,0,0,0,0,1,0,2
1,2,0,0,0,0,0,0,0,0,0,0
1,2,0,0,0,0,0,0,0,0,0,0
1,2,0,0,0,0,0,0,0,0,0,1
1,2,0,0,0,0,0,0,0,0,0,1
1,2,0,0,0,0,0,0,0,0,0,1
1,2,0,0,0,0,0,0,0,0,0,1
1,2,1,0,0,0,0,0,0,1,0,1
1,2,0,0,0,0,1,0,0,0,0,2
1,2,0,0,0,0,0,0,0,0,0,0
1,2,0,0,0,0,0,0,0,0,0,1
1,2,0,0,0,0,0,0,0,0,0,0
1,2,0,0,0,0,0,0,0,0,0,1
1,2,1,0,0,0,0,0,0,0,0,1
1,2,0,0,0,0,0,0,0,0,0,0
1,2,0,0,0,0,0,0,0,0,0,1
1,2,0,0,0,0,0,0,0,0,0,1
1,2,0,0,0,0,0,0,0,0,0,1
1,2,0,0,0,0,0,0,0,0,0,0
1,2,0,0,0,0,0,0,0,0,0,1
1,2,0,0,0,0,0,0,0,0,0,0
1,2,1,1,0,0,0,0,1,1,1,0
1,2,0,0,0,0,0,0,0,0,0,0
1,2,0,0,0,0,0,0,0,0,0,1
1,2,1,1,0,0,1,1,0,1,0,0
1,2,0,0,0,0,0,0,0,0,0,1
1,2,0,0,1,0,1,0,0,0,1,1
1,2,0,0,0,0,0,0,0,1,0,0
1,2,2,1,1,1,1,2,0,2,1,1
1,2,0,0,0,0,0,0,0,1,0,0
1,2,0,0,0,0,0,0,0,0,0,2
1,2,0,0,0,0,0,0,0,0,0,2
1,2,0,0,0,0,0,0,0,0,0,0
1,2,0,0,0,0,0,0,0,0,1,1
1,2,0,0,0,0,0,0,0,0,0,0
1,2,0,0,0,0,0,0,0,0,0,0
1,2,1,1,0,0,1,1,1,1,1,0
1,2,0,1,1,1,1,0,0,1,0,0
1,2,1,0,1,0,1,0,0,1,0,1
1,2,0,0,0,0,0,0,0,1,0,0
1,2,0,0,0,0,0,0,0,0,0,2
1,2,0,0,0,0,0,0,0,0,0,0
1,2,0,0,0,0,0,0,0,0,0,2
1,2,0,0,0,0,0,0,0,0,0,1
1,2,0,0,0,0,0,0,0,0,0,0
1,2,1,1,1,0,0,0,0,2,0,1
1,2,0,0,0,0,0,0,0,1,1,1
1,2,0,0,0,0,0,0,0,0,0,0
1,2,1,2,1,1,1,1,1,1,0,1
1,2,0,0,0,0,0,0,0,0,0,1
1,2,0,0,0,0,0,0,0,0,0,1
1,2,0,2,0,1,1,1,0,2,0,0
1,2,0,0,0,0,0,0,0,0,0,1
1,2,0,0,0,0,0,0,0,0,0,0
1,2,0,1,1,1,1,1,0,1,0,0
1,2,0,0,0,0,1,0,0,1,0,1
1,2,0,0,2,2,0,0,1,1,0,1
1,2,1,0,1,0,0,0,0,0,0,0
1,2,0,0,0,0,0,0,0,0,0,1
1,2,0,0,0,0,0,0,0,0,0,2
1,2,0,0,0,0,0,0,0,0,0,1
1,2,0,0,0,1,0,0,0,1,1,0
1,2,0,0,0,0,0,0,0,0,0,2
1,2,0,0,0,0,0,1,0,0,0,0
1,2,0,1,0,0,1,1,0,1,0,0
1,2,0,0,0,0,0,0,0,0,0,1
1,2,0,0,0,0,0,0,0,0,0,0
1,2,0,0,0,0,0,0,0,0,0,1
1,2,0,0,0,0,0,0,0,0,0,0
1,2,0,0,0,0,0,0,0,0,0,1
1,2,1,0,0,0,0,0,0,0,0,1
1,2,0,0,0,0,0,0,0,0,0,0
1,2,0,0,0,0,0,0,0,1,0,1
1,2,0,0,0,0,0,0,0,0,0,1
1,2,0,0,0,0,0,0,0,1,1,2
1,2,0,0,0,0,0,0,0,0,0,2
1,2,0,0,0,0,0,0,0,1,1,0
1,2,0,1,0,1,0,0,0,2,0,1
1,2,0,0,0,0,0,0,0,0,0,0
1,2,0,0,0,0,0,0,0,0,0,1
1,2,0,0,0,0,0,0,0,0,0,0
1,2,0,0,0,0,0,0,0,0,0,2
1,2,1,0,0,0,0,0,1,1,0,0
1,2,1,0,1,0,0,1,0,1,0,0
1,2,1,0,0,0,0,0,0,0,0,2
1,2,1,0,0,1,0,0,0,1,0,0
1,2,0,0,0,0,0,0,0,0,0,0
1,2,0,1,1,0,1,0,0,1,1,1
1,2,2,2,1,1,2,1,2,2,2,0
1,2,0,0,0,0,0,0,0,0,0,0
1,2,1,2,1,1,1,0,0,1,1,0
1,2,0,0,0,0,0,0,0,0,0,2
1,2,0,2,2,2,2,2,0,2,0,0
1,2,1,1,0,1,1,1,0,2,0,0
1,2,0,0,0,0,0,0,0,0,0,2
1,2,0,0,1,0,0,0,0,0,0,0
1,2,0,0,0,0,0,0,0,0,0,1
1,2,1,0,0,0,0,0,0,0,1,2
1,2,1,1,0,0,0,1,0,1,0,1
1,2,0,1,0,0,1,0,0,1,1,2
1,2,0,0,0,1,0,0,0,1,0,1
1,2,0,0,0,0,0,0,0,0,0,0
1,2,0,0,1,0,0,0,0,1,0,1
1,2,0,0,0,0,0,0,0,0,0,0
1,2,0,0,0,0,0,0,0,0,0,0
1,2,0,0,0,0,0,0,0,0,0,2
1,2,0,0,0,0,0,0,0,0,0,0
1,2,0,1,1,0,0,0,0,1,1,1
1,2,0,0,0,0,0,0,0,0,0,1
1,2,1,1,1,1,0,1,1,1,1,1
1,2,1,0,0,0,0,0,0,1,0,2
1,2,0,0,0,0,0,0,0,0,0,2
1,2,0,0,0,0,0,0,0,0,0,2
1,2,0,0,0,0,0,0,0,0,0,0
1,2,0,0,0,0,0,0,1,1,0,0
1,2,0,0,0,0,0,0,0,0,0,2
1,2,0,0,0,0,0,0,0,0,0,2
1,2,0,0,0,0,0,0,0,0,0,0
1,2,0,0,0,0,0,0,0,0,0,1
1,2,0,0,0,0,0,0,0,0,1,0
1,2,0,0,0,0,0,0,0,0,0,2
1,2,0,0,0,0,0,0,0,0,0,2
1,2,0,0,0,0,0,0,0,0,1,1
1,2,1,1,0,0,0,1,0,1,0,0
1,2,0,0,0,1,0,0,0,1,0,2
1,2,0,0,0,0,0,0,0,0,0,1
1,2,0,0,0,0,0,0,0,0,0,0
1,2,0,0,0,0,0,0,0,0,0,1
1,2,1,1,1,0,0,0,0,2,0,1
1,2,0,0,0,0,0,0,0,0,0,2
1,2,1,1,1,0,0,0,1,1,0,1
1,2,0,0,0,0,0,0,0,0,0,0
1,2,0,0,0,0,0,0,0,0,0,2
1,2,0,0,0,0,0,0,0,1,0,2
1,2,0,0,0,0,0,0,0,0,0,0
1,2,1,0,0,0,0,0,0,0,0,1
1,2,0,0,1,0,0,0,0,0,0,0
1,3,0,0,0,0,0,0,0,0,0,1
1,3,0,0,0,0,0,0,0,1,1,0
1,3,0,0,0,0,0,0,0,0,0,2
1,3,1,0,0,1,0,1,0,0,0,1
1,3,1,1,1,1,1,1,0,2,1,2
1,3,0,0,0,0,0,0,0,1,0,2
1,3,1,1,1,1,1,1,1,1,1,0
1,3,0,0,0,0,0,0,0,0,0,0
1,3,0,0,0,0,0,0,0,0,0,1
1,3,0,1,0,0,0,0,0,1,0,0
1,3,0,0,0,0,0,0,0,0,0,1
1,3,0,1,0,1,1,1,0,2,0,1
1,3,0,0,0,0,0,0,0,0,0,0
1,3,0,0,0,0,0,0,0,0,0,2
1,3,1,0,0,1,0,1,0,1,0,0
1,3,0,0,0,0,0,0,0,0,0,1
1,3,1,1,0,0,1,0,1,1,0,0
1,3,0,0,0,0,0,0,0,0,0,1
1,3,1,0,0,0,0,0,0,0,2,1
1,3,0,0,0,0,0,0,0,1,0,1
1,3,2,1,0,1,1,1,1,1,1,0
1,3,1,1,1,1,1,1,0,2,1,0
1,3,0,0,0,0,0,0,0,0,0,2
1,3,0,0,0,0,0,0,0,0,0,1
1,3,1,0,0,0,0,0,0,0,0,0
1,3,0,0,0,0,0,0,0,1,0,2
1,3,0,0,0,0,0,0,0,0,0,2
1,3,0,0,0,0,0,0,0,0,0,1
1,3,2,2,1,2,2,2,0,2,0,0
1,3,0,1,1,0,0,1,0,1,0,1
1,3,0,1,0,0,0,0,0,1,0,0
1,3,0,0,1,1,0,1,0,1,1,0
1,3,0,0,0,0,0,0,0,0,0,0
1,3,0,0,1,0,0,0,0,0,1,1
1,3,0,0,0,0,0,1,0,0,0,0
1,3,0,0,1,0,0,0,0,1,0,1
1,3,0,0,0,0,0,0,0,0,0,2
1,3,0,0,0,0,0,0,0,0,0,0
1,3,0,1,0,1,0,0,0,1,0,0
1,3,0,0,0,0,0,0,0,0,0,1
1,3,1,0,0,0,0,0,0,1,1,1
1,3,0,1,0,0,1,0,0,1,1,0
1,3,1,1,0,0,1,1,0,2,0,0
1,3,0,0,0,0,0,0,0,0,0,1
1,3,0,1,1,1,0,0,0,1,0,1
1,3,1,0,0,0,0,0,0,0,0,1
1,3,0,0,0,0,0,0,0,0,0,0
1,3,1,0,0,0,0,0,0,1,0,0
1,3,0,0,0,0,0,0,0,1,0,1
1,3,0,0,0,0,0,0,0,1,0,1
1,3,0,0,0,0,0,0,0,0,0,2
1,3,0,0,0,0,0,0,0,0,0,0
1,3,0,0,0,0,0,0,0,0,0,1
1,3,0,0,0,0,0,0,0,0,0,2
1,3,0,0,0,0,0,0,0,0,0,0
1,3,0,1,1,1,2,1,1,2,0,2
1,3,0,0,0,0,0,0,0,0,0,1
1,3,0,2,1,0,1,1,0,1,1,0
1,3,1,0,1,1,2,2,0,1,0,0
1,3,0,0,0,0,0,0,0,0,0,1
1,3,0,0,0,0,0,0,0,0,0,0
1,3,0,0,0,0,0,0,0,0,0,1
1,3,1,1,0,0,0,0,0,0,0,0
1,3,1,2,1,1,1,1,0,2,0,0
1,3,0,0,0,0,0,0,0,0,0,0
1,3,0,0,0,0,0,0,0,0,0,1
1,3,0,0,0,0,0,0,0,1,0,0
1,3,0,0,0,0,0,0,0,1,0,1
1,3,0,0,0,0,0,0,0,0,0,0
1,3,0,0,0,0,0,0,0,0,0,2
1,3,0,0,0,0,0,0,0,0,0,2
1,3,0,0,0,0,1,0,0,0,0,0
1,3,0,0,0,0,0,0,0,0,0,1
1,3,0,0,0,0,0,0,0,0,0,2
1,3,0,0,1,0,0,0,0,1,0,0
1,3,0,0,0,0,0,0,0,0,0,0
1,3,1,0,0,0,0,0,0,0,1,1
1,3,0,0,0,0,0,0,0,1,0,0
1,3,1,0,0,0,1,1,0,1,0,0
1,3,1,0,0,0,0,1,0,1,0,1
1,3,0,0,0,0,0,1,0,1,0,1
1,3,1,0,0,0,0,0,0,1,1,1
1,3,0,0,0,0,0,0,0,1,0,0
1,3,0,0,0,0,0,0,0,0,0,1
1,3,0,0,0,0,0,0,0,0,0,1
1,3,1,1,0,0,1,0,0,1,0,2
1,3,0,0,0,0,0,0,0,0,0,1
1,3,1,1,1,1,0,1,0,1,1,1
1,3,0,0,0,0,0,0,0,0,0,2
1,3,0,0,0,0,0,0,0,0,0,2
1,3,0,0,0,0,0,0,0,0,0,2
1,3,1,1,0,0,0,0,0,1,1,0
1,3,1,1,1,1,1,1,0,1,0,1
1,3,0,0,0,0,0,0,0,0,0,1
1,3,0,0,0,0,0,0,0,0,0,0
1,3,0,0,0,0,0,0,0,1,0,1
1,3,0,0,0,0,0,0,0,0,0,2
1,3,0,0,0,0,0,0,0,0,0,2
1,3,1,1,0,0,0,0,0,1,0,1
1,3,0,0,0,0,1,0,0,1,1,0
1,3,1,1,0,0,0,0,0,1,0,1
1,3,0,0,0,0,0,0,0,0,0,2
1,3,0,0,0,0,0,0,0,0,0,0
1,3,0,0,0,0,0,1,0,1,0,1
1,3,0,0,1,0,0,0,0,0,0,2
1,3,0,0,0,0,0,0,0,1,0,1
1,3,0,0,0,0,0,0,0,0,0,1
1,3,0,0,0,0,0,0,0,0,0,2
1,3,0,0,0,0,0,0,0,0,0,0
1,3,0,0,0,0,0,0,0,0,0,2
1,3,1,1,0,1,0,0,0,1,0,0
1,3,0,0,0,0,0,0,0,0,0,2
1,3,2,2,0,0,1,1,1,1,1,0
1,3,1,1,0,1,0,0,0,2,0,1
1,3,0,0,0,0,0,0,0,0,0,1
1,3,0,0,0,0,0,0,0,0,0,2
1,3,1,0,0,0,0,0,0,0,0,2
1,3,0,0,0,0,0,0,0,0,0,2
1,3,0,0,0,0,0,0,0,0,0,0
1,3,1,2,0,1,2,2,1,2,1,0
1,3,0,1,0,0,1,0,1,1,2,0
1,3,0,0,0,0,0,0,0,0,2,2
1,3,0,0,0,0,0,0,0,0,0,0
1,3,0,0,0,0,0,0,0,0,0,0
1,3,1,0,0,0,1,1,0,1,0,0
1,3,0,0,0,0,0,0,0,0,0,0
1,3,0,0,0,0,1,0,0,1,1,1
1,3,0,0,0,0,0,1,0,0,0,1
1,3,0,0,0,0,0,0,0,0,0,2
1,3,0,0,0,0,0,0,0,0,0,1
1,3,0,0,0,0,0,0,0,0,0,1
1,3,0,0,0,0,0,0,0,0,0,1
1,3,0,1,0,0,1,0,0,1,0,1
1,3,0,1,0,0,1,0,0,1,0,1
1,3,0,0,1,0,0,0,0,0,0,1
1,3,0,0,0,0,0,0,0,0,0,0
1,3,0,0,0,0,0,0,0,0,0,2
1,3,0,1,0,0,1,1,0,2,0,0
1,3,0,0,0,0,0,0,0,1,0,0
1,3,0,0,0,0,0,0,0,0,0,2
1,3,2,1,0,1,1,1,0,1,0,2
1,3,0,0,0,0,0,0,0,0,0,0
1,3,0,0,0,0,0,0,0,0,0,2
1,3,0,0,0,0,0,0,0,0,0,0
1,3,1,0,0,0,0,0,0,1,0,0
1,3,0,0,0,0,0,0,0,0,0,2
1,3,1,1,1,0,0,0,0,1,0,0
1,3,0,0,0,0,0,0,0,0,0,0
1,3,0,0,0,0,0,0,0,1,0,0
1,3,0,0,0,0,0,0,0,0,0,2
1,3,0,0,0,0,0,0,0,1,0,0
1,3,0,0,0,0,0,0,0,1,0,1
1,3,0,0,0,0,0,0,0,0,0,0
1,3,0,0,0,0,0,0,0,0,0,2
1,3,0,0,0,0,0,0,0,0,0,0
1,3,0,0,0,0,0,0,0,0,0,0
1,3,1,0,0,0,0,0,0,1,1,0
1,3,0,0,0,0,0,0,0,0,0,1
1,3,0,0,0,0,0,0,0,0,0,0
1,3,0,0,0,0,0,0,0,0,0,0
1,3,0,0,0,0,0,0,0,0,0,2
1,3,0,0,0,0,0,0,0,0,0,1
1,3,0,0,0,0,0,0,0,0,0,2
1,3,0,0,0,0,0,0,0,0,0,2
1,3,1,1,1,1,1,1,0,1,1,0
1,3,1,2,2,2,2,2,2,2,1,1
1,3,0,0,0,0,0,0,0,0,0,1
1,3,0,0,0,0,0,0,0,1,0,0
1,3,0,1,0,1,1,1,0,2,0,0
1,3,0,0,0,0,0,0,0,0,0,2
1,3,0,0,0,0,0,0,0,0,0,2
1,3,0,0,0,0,0,0,0,0,0,2
1,3,0,0,0,0,0,0,0,0,0,2
1,3,0,0,0,0,0,0,0,0,0,2
1,3,1,0,0,0,0,0,0,1,0,2
1,3,0,0,0,0,0,0,0,1,0,1
1,3,0,0,0,0,0,0,0,0,0,1
1,3,0,0,0,0,0,0,0,0,0,1
1,3,0,0,0,0,0,0,0,0,0,0
1,3,0,0,0,0,0,0,0,1,0,2
1,3,0,0,0,0,0,0,0,0,0,1
1,3,0,0,0,0,0,0,0,0,0,1
1,3,0,0,0,0,0,0,0,0,0,0
1,3,0,0,0,0,0,0,0,0,0,1
1,3,1,0,0,0,0,0,0,0,0,0
1,3,0,0,0,0,1,0,0,1,0,2
1,3,0,0,0,0,0,0,0,0,0,1
1,3,1,0,0,0,0,0,0,0,0,1
1,3,1,0,0,0,0,0,0,0,0,2
1,3,0,0,0,0,0,0,0,0,0,2
1,3,1,1,2,0,1,0,0,1,1,0
1,3,0,0,0,0,0,0,0,0,0,0
1,3,0,0,0,0,0,0,0,0,0,2
1,3,0,0,0,0,0,0,0,1,1,1
1,3,1,0,0,0,0,0,0,1,0,0
1,3,1,0,0,0,0,0,0,1,1,1
1,3,0,0,0,0,0,0,0,0,0,0
1,3,0,0,0,0,0,0,0,0,0,2
1,3,0,0,0,0,1,0,0,2,1,0
1,3,0,0,0,0,0,0,0,0,0,0
1,3,0,0,0,0,0,0,0,0,0,1
1,3,0,0,0,0,0,0,0,0,0,0
1,3,1,0,0,0,0,0,0,0,1,2
1,3,0,1,0,0,0,0,0,1,1,0
1,3,0,0,0,0,0,0,0,0,0,1
1,3,0,0,0,0,0,0,0,0,0,1
1,3,0,1,1,1,2,1,0,2,1,2
1,3,0,1,1,0,0,0,0,1,0,0
1,3,0,0,0,0,0,0,0,0,0,2
1,3,0,0,0,0,0,0,0,0,1,0
1,3,0,0,0,0,0,0,0,0,0,1
1,3,0,0,0,0,0,0,0,0,0,2
1,3,0,1,0,0,0,1,0,2,0,0
1,3,0,0,0,0,0,0,0,0,0,2
1,3,0,0,0,0,0,0,0,0,0,0
1,3,0,1,0,0,1,0,0,1,0,0
1,3,0,0,0,0,0,0,0,0,0,2
1,3,0,0,0,0,0,0,0,0,0,1
1,3,0,0,0,0,0,0,0,0,0,2
1,3,0,0,0,0,0,0,0,0,0,0
1,3,1,2,1,1,0,0,0,0,0,0
1,3,2,1,0,1,1,0,1,1,1,0
1,3,1,1,0,0,0,0,1,1,1,2
1,3,0,1,1,1,1,1,0,1,0,0
1,3,0,0,0,0,0,0,0,0,0,0
1,3,0,0,0,0,0,0,0,0,0,0
1,3,0,0,0,0,0,0,0,0,0,2
1,3,0,0,0,0,0,0,0,1,0,1
1,3,0,0,0,0,0,0,0,0,0,2
1,3,0,0,1,0,0,0,0,0,1,1
1,3,0,0,0,0,0,0,0,0,0,0
1,3,0,0,0,0,0,0,0,0,0,2
1,3,0,0,0,0,0,0,0,0,0,1
1,3,0,0,0,0,0,0,0,0,0,1
1,3,1,1,0,1,1,0,0,1,2,2
1,3,1,0,0,1,0,1,0,1,0,1
1,3,0,0,0,0,0,0,0,0,0,2
1,3,0,0,0,0,0,0,0,0,0,1
1,3,0,1,0,0,0,0,0,1,0,0
1,3,1,1,0,0,0,1,0,1,0,0
1,3,0,0,0,0,0,0,0,0,0,1
1,3,0,0,0,0,0,0,0,0,0,0
1,3,1,1,1,1,1,1,0,1,0,0
1,3,0,0,0,0,0,0,0,1,0,1
1,3,0,0,0,0,0,0,0,0,0,1
1,3,0,0,0,0,0,0,0,0,0,2
1,3,0,0,0,1,0,0,0,1,0,1
1,3,0,0,0,0,0,0,0,0,1,1
1,3,1,1,0,1,1,1,0,1,1,0
1,3,0,0,0,0,0,0,0,1,1,0
1,3,0,0,1,0,0,0,0,0,0,1
1,3,0,1,1,0,0,0,0,0,0,0
1,3,0,0,0,0,0,0,0,0,0,2
1,3,0,0,0,0,0,0,0,0,0,1
1,3,1,2,1,1,1,1,0,2,0,0
1,3,0,0,0,0,0,0,0,0,0,2
1,3,0,0,0,0,0,0,0,0,0,0
1,3,0,0,0,0,0,0,0,0,0,0
1,3,1,0,0,0,1,1,0,2,1,0
1,3,0,0,0,0,0,0,0,0,0,2
1,3,0,0,0,0,0,0,0,0,0,1
1,3,0,0,0,0,0,0,0,0,0,0
1,3,0,0,0,0,0,0,0,0,0,0
1,3,0,1,0,0,1,1,0,2,0,0
1,3,0,0,0,0,1,1,0,1,0,0
1,3,0,0,0,0,0,0,0,0,0,1
1,3,0,0,0,0,0,0,0,0,0,1
1,3,0,0,0,0,0,0,0,0,0,0
1,3,0,0,0,0,0,0,0,0,0,2
1,3,0,0,0,0,0,0,0,0,0,1
1,3,0,0,0,0,0,0,0,0,0,0
1,3,0,0,0,0,0,0,0,0,0,0
1,3,0,0,0,0,0,0,0,1,0,1
1,3,0,0,1,1,0,0,0,1,0,0
1,3,2,0,0,0,0,0,0,1,0,0
1,3,1,0,0,0,0,0,0,0,0,0
1,3,0,0,0,0,0,0,0,0,0,2
1,3,1,0,0,0,0,0,0,0,0,1
1,3,0,0,0,0,0,0,0,0,0,1
1,3,0,0,0,0,0,0,0,0,0,0
1,3,0,0,0,0,0,0,0,0,0,2
1,3,0,0,0,0,0,0,0,0,0,2
1,3,1,2,1,2,1,2,1,2,1,1
1,3,2,1,0,0,0,1,0,1,0,0
1,3,0,0,0,0,0,0,0,0,0,1
1,3,0,1,0,0,0,0,0,1,0,0
1,3,0,0,1,0,0,0,0,1,1,0
1,3,0,0,1,0,1,0,0,1,1,0
1,3,0,0,0,0,1,0,0,0,0,2
1,3,1,0,1,0,0,0,0,1,0,0
1,3,0,0,0,0,0,0,0,1,0,2
1,3,0,0,0,0,0,0,0,0,0,0
1,3,0,2,2,1,1,1,1,2,1,0
1,3,0,0,0,0,0,0,0,0,0,2
1,3,0,0,0,0,0,0,0,0,0,2
1,3,0,1,2,1,1,1,1,2,0,0
1,3,0,2,1,0,1,0,0,2,0,0
1,3,0,0,0,0,0,0,0,0,0,0
1,3,0,0,0,0,0,0,0,0,0,1
1,3,0,0,0,0,0,0,0,0,0,2
1,3,0,1,0,0,1,0,0,1,0,0
1,3,0,0,0,0,0,0,0,2,0,1
1,3,0,0,1,0,0,0,0,0,0,2
1,3,0,0,0,0,0,0,0,0,0,1
1,3,0,0,0,0,0,0,0,0,0,0
1,3,0,0,0,0,0,0,0,0,0,1
1,3,0,0,0,0,0,0,0,0,0,1
1,3,0,2,0,1,2,1,2,2,2,0
1,3,0,0,0,0,0,0,0,0,0,2
1,3,0,0,0,0,0,0,0,0,0,1
1,3,1,0,0,0,0,0,0,1,0,1
1,3,0,0,0,0,0,0,1,0,1,1
1,3,0,1,0,0,0,0,0,1,0,0
1,3,0,0,0,0,0,0,0,0,0,0
1,3,0,0,0,0,0,0,0,0,0,2
1,3,0,0,0,0,0,0,0,0,0,1
1,3,0,0,1,0,0,0,0,0,0,1
1,3,1,0,0,0,0,0,0,0,0,1
1,3,0,1,0,0,0,0,0,1,0,2
1,3,0,1,0,0,1,0,0,1,1,0
1,3,1,2,1,2,2,1,2,2,2,0
1,3,0,0,0,0,0,0,0,0,0,0
1,3,0,0,0,0,0,0,0,0,0,0
1,3,1,2,1,1,1,2,1,2,1,1
1,3,2,2,2,2,2,2,1,2,1,0
1,3,0,0,0,0,0,0,0,0,0,0
1,3,0,0,0,0,0,0,0,0,0,2
1,3,0,0,0,1,1,2,0,1,1,1
1,3,0,0,0,0,0,0,0,0,0,1
1,3,0,0,0,0,0,0,0,0,0,0
1,3,0,0,0,0,0,0,0,0,0,2
1,3,0,1,0,1,0,1,0,1,0,0
1,3,0,0,0,0,0,0,0,0,0,0
1,3,0,0,0,0,0,0,0,1,0,0
1,3,0,2,0,1,2,1,0,2,0,2
1,3,0,0,0,0,0,0,0,0,0,2
1,3,0,0,0,0,0,0,0,0,0,2
1,3,0,0,0,0,0,0,0,0,0,2
1,3,0,0,0,0,0,0,0,2,0,1
1,3,0,0,0,0,0,0,0,0,0,1
1,3,2,2,1,1,2,2,2,2,2,0
1,3,0,0,0,0,0,0,0,0,0,1
1,3,0,0,0,0,0,0,0,1,0,1
1,3,0,0,0,0,0,0,0,0,0,1
1,3,0,0,0,0,0,0,0,0,0,1
1,3,0,0,0,0,0,0,0,0,0,2
1,3,1,0,1,0,0,0,0,1,0,0
1,3,0,0,0,0,0,0,0,0,0,1
1,3,0,0,0,0,0,0,0,0,0,0
1,3,0,1,1,0,1,0,0,1,1,1
1,3,0,0,0,0,0,0,0,0,0,1
1,3,0,0,0,0,0,0,0,0,0,1
1,3,0,0,0,0,0,0,0,0,0,2
1,3,0,1,1,1,0,1,0,1,0,2
1,3,0,0,0,0,0,0,0,0,0,0
1,3,0,2,0,2,2,0,0,2,2,0
1,3,0,0,0,0,0,0,0,0,0,2
1,3,0,0,0,0,0,0,0,0,0,2
1,3,0,0,0,0,0,0,0,0,0,1
1,3,0,0,0,0,0,0,0,0,0,0
1,3,0,0,0,0,0,0,0,0,0,2
1,3,0,0,0,0,0,0,0,0,0,1
1,3,0,0,0,0,0,0,0,0,0,1
1,3,1,0,0,0,0,0,0,0,0,2
1,3,0,0,0,0,0,0,0,0,0,1
1,3,0,0,0,0,0,0,0,1,0,1
1,3,0,0,1,1,0,0,0,0,0,2
1,3,1,1,0,1,0,0,0,1,0,0
1,3,0,0,1,0,0,0,0,0,0,0
1,3,1,2,0,1,1,1,0,1,1,0
1,3,0,0,0,0,0,0,0,0,0,0
1,3,0,0,0,0,0,0,0,0,0,0
1,3,0,2,0,0,1,0,0,2,1,1
1,3,2,0,0,2,1,2,0,2,0,0
1,3,0,0,0,0,0,0,0,1,0,1
1,3,0,0,0,0,0,0,0,0,0,2
1,3,0,0,0,0,0,0,0,0,0,1
1,3,0,0,1,0,0,0,0,0,0,0
1,3,0,0,0,0,0,0,0,0,0,0
1,3,0,0,0,0,0,0,0,0,0,0
1,3,0,0,0,0,0,0,0,0,1,1
1,3,0,0,0,0,0,0,0,0,0,1
1,3,0,0,0,0,0,0,0,0,0,1
1,3,0,0,0,0,0,0,0,0,0,2
1,3,0,0,0,0,0,0,0,0,0,1
1,3,0,0,0,0,0,0,0,0,0,0
1,3,0,0,0,0,0,0,0,0,0,2
1,3,0,0,0,0,0,0,0,0,0,1
1,3,0,0,0,0,0,0,0,0,0,1
1,3,0,0,0,0,0,0,0,0,0,1
1,3,0,0,0,0,0,0,0,0,0,2
1,3,0,0,0,0,0,0,0,0,0,2
1,3,0,0,0,0,0,0,0,0,0,0
1,3,0,0,0,0,0,0,0,1,0,0
1,3,0,0,0,0,0,0,0,1,2,0
1,3,0,1,0,0,0,0,0,1,0,2
1,3,0,1,0,1,0,0,0,1,0,1
1,3,0,0,0,0,0,0,0,0,0,1
1,3,0,0,0,0,0,0,0,0,0,2
1,3,1,0,0,0,0,0,0,0,0,1
1,3,0,0,0,0,0,0,0,0,0,0
1,3,0,0,0,0,0,0,0,1,0,0
1,3,1,0,0,0,0,0,0,0,0,1
1,3,1,0,0,0,0,0,0,0,0,0
1,3,0,0,0,0,1,0,0,1,0,1
1,3,0,0,0,0,0,0,0,0,0,0
1,3,0,0,0,0,0,0,0,0,0,0
1,3,0,0,0,0,0,0,0,0,0,1
1,3,0,0,0,0,0,0,0,0,0,2
1,3,0,0,1,0,0,0,0,0,1,1
1,3,1,1,0,1,0,1,0,1,0,1
1,3,0,0,0,0,0,0,0,0,0,1
1,3,0,0,0,0,0,0,0,0,0,0
1,3,1,0,0,0,0,0,0,0,0,1
1,3,0,0,0,0,0,1,0,1,0,1
1,3,1,0,0,0,0,1,0,0,0,1
1,3,0,0,1,0,0,0,0,1,0,1
1,3,0,0,1,0,0,0,0,0,0,0
1,3,0,0,0,0,0,0,0,0,0,2
1,3,0,0,0,0,0,0,0,0,0,1
1,3,0,0,0,0,0,0,0,0,0,0
1,3,0,0,0,0,0,0,0,1,1,2
1,3,0,0,0,0,0,0,0,0,0,0
1,3,1,0,0,0,0,1,0,1,0,0
1,3,0,0,0,0,0,0,0,0,0,0
1,3,0,0,0,0,0,0,0,0,0,0
1,3,0,0,0,0,0,0,0,0,0,2
1,3,0,0,0,0,0,1,0,1,0,0
1,3,0,0,0,0,0,0,0,0,0,1
1,3,0,0,0,0,0,0,0,0,0,2
1,3,0,0,0,0,0,0,0,0,0,1
1,3,0,0,0,0,0,0,0,0,0,1
1,3,0,0,0,0,0,0,0,0,0,0
1,3,0,0,0,0,0,0,0,0,0,0
1,3,0,0,0,0,1,0,0,0,0,0
1,3,1,1,0,0,0,0,1,1,0,0
1,4,0,0,0,0,0,0,0,0,0,0
1,4,0,0,0,0,0,0,0,0,0,1
1,4,1,1,1,0,0,0,0,1,0,0
1,4,0,0,0,0,0,0,0,0,0,2
1,4,0,0,0,0,0,0,0,0,0,1
1,4,1,2,0,1,1,2,0,1,0,0
1,4,0,0,0,0,0,0,0,0,1,2
1,4,0,0,0,0,0,0,0,0,0,2
1,4,0,0,0,0,0,0,0,0,0,1
1,4,0,0,0,0,0,0,0,0,2,1
1,4,0,1,0,1,1,1,1,1,0,0
1,4,2,1,1,2,1,1,1,1,1,0
1,4,0,0,0,0,0,0,0,0,0,2
1,4,1,0,0,0,0,0,0,1,0,0
1,4,0,0,0,0,0,0,0,0,0,2
1,4,0,0,0,0,0,0,0,0,0,2
1,4,0,0,0,0,0,0,0,1,0,1
1,4,0,0,0,0,0,0,0,0,0,2
1,4,0,0,0,0,0,0,0,0,0,0
1,4,0,0,0,0,0,0,0,0,0,2
1,4,0,1,0,0,1,1,0,1,0,1
1,4,1,0,0,1,0,0,0,1,1,0
1,4,0,0,0,0,0,0,0,0,0,2
1,4,0,0,0,0,0,0,0,0,0,1
1,4,0,0,0,0,0,0,0,1,2,2
1,4,0,0,0,0,0,0,0,0,0,0
1,4,0,0,0,0,0,0,0,0,1,2
1,4,1,1,0,0,0,1,0,0,1,0
1,4,0,0,0,0,0,0,0,0,0,0
1,4,0,0,0,0,0,0,0,0,0,0
1,4,0,0,0,0,0,0,0,0,0,2
1,4,0,0,0,0,0,0,0,0,0,0
1,4,0,0,0,0,0,0,0,0,0,2
1,4,0,1,0,0,0,0,0,1,0,1
1,4,0,2,1,0,1,1,0,2,0,0
1,4,2,0,0,0,0,0,0,0,0,1
1,4,0,0,0,0,0,0,1,1,1,0
1,4,2,0,0,0,0,0,0,0,1,0
1,4,0,0,0,0,0,0,0,0,0,0
1,4,0,0,0,0,0,0,0,0,0,1
1,4,0,0,0,0,0,0,0,0,0,2
1,4,0,0,0,1,0,0,0,1,0,2
1,4,1,1,0,0,1,0,0,1,0,0
1,4,0,0,0,0,0,0,0,0,0,0
1,4,0,0,1,0,0,0,0,1,0,0
1,4,0,0,0,0,0,0,0,0,0,1
1,4,0,0,0,0,0,0,0,0,0,0
1,4,0,0,0,0,0,0,0,0,0,1
1,4,0,0,0,0,0,0,0,0,0,2
1,4,0,1,0,1,1,1,0,1,0,0
1,4,0,0,0,0,0,0,0,0,0,0
1,4,0,0,0,0,0,0,0,0,0,2
1,4,0,0,0,0,0,0,0,0,0,1
1,4,0,0,0,0,0,0,0,0,0,2
1,4,0,0,0,0,0,0,0,0,0,0
1,4,2,2,2,2,2,2,2,2,2,1
1,4,0,0,0,0,0,0,0,0,0,2
1,4,1,0,0,0,0,1,0,0,2,0
1,4,0,0,0,0,0,0,0,0,0,1
1,4,1,1,1,1,1,0,0,2,0,2
1,4,0,0,0,0,0,0,0,0,1,0
1,4,0,0,0,0,0,0,0,0,0,2
1,4,0,0,0,0,0,0,0,0,0,0
1,4,0,0,0,0,0,0,0,0,0,0
1,4,0,0,0,0,0,0,0,0,0,2
1,4,0,0,0,0,0,0,0,1,0,0
1,4,0,0,0,0,0,0,0,0,0,2
1,4,1,1,0,0,0,1,0,1,1,0
1,4,1,0,0,0,0,1,1,0,1,2
1,4,0,0,0,0,0,0,0,0,0,0
1,4,0,0,0,0,0,0,0,0,0,2
1,4,0,0,0,0,0,0,0,0,0,1
1,4,0,0,0,0,0,0,0,0,0,0
1,4,0,0,0,0,0,0,0,0,0,1
1,4,0,0,0,0,0,0,0,0,0,2
1,4,0,0,0,0,0,0,0,1,0,0
1,4,0,0,0,0,0,0,0,0,0,2
1,4,0,0,0,0,0,0,0,0,0,1
1,4,0,0,0,0,0,0,0,0,0,0
1,4,0,0,0,0,0,0,0,0,0,2
1,4,0,0,0,0,0,0,0,0,0,2
1,4,1,1,0,1,0,1,1,1,1,0
1,4,2,2,1,2,2,2,1,1,2,0
1,4,0,0,0,0,0,0,0,0,0,1
1,4,0,0,0,0,0,0,0,0,0,0
1,4,0,0,0,0,0,0,0,0,0,1
1,4,0,0,0,0,0,0,0,0,0,1
1,4,0,0,0,0,0,0,0,1,0,0
1,4,0,0,0,0,0,0,0,0,0,1
1,4,0,0,0,0,0,0,0,0,0,0
1,4,0,0,0,0,0,0,0,0,0,0
1,4,0,1,0,0,0,1,0,1,0,0
1,4,0,0,1,0,0,0,0,0,0,2
1,4,1,0,0,1,1,1,0,1,0,2
1,4,0,0,0,0,0,0,0,0,0,1
1,4,0,0,0,0,0,0,0,0,0,0
1,4,0,1,0,1,1,2,0,2,0,0
1,4,0,0,0,0,0,0,0,0,0,1
1,4,0,0,0,0,0,0,0,0,0,1
1,4,2,2,1,1,2,2,1,2,1,0
1,4,0,0,0,0,0,0,0,0,0,1
1,4,0,1,0,1,1,0,0,1,0,1
1,4,0,0,0,0,0,0,0,0,0,0
1,4,0,0,1,0,0,0,0,1,1,2
1,4,0,0,1,1,1,1,0,1,0,2
1,4,0,0,0,0,0,0,0,0,0,1
1,4,0,0,0,0,0,0,0,0,0,2
1,4,0,1,0,0,0,0,0,2,0,0
1,4,1,0,0,0,0,0,1,0,0,0
1,4,0,0,0,0,0,0,0,0,0,0
1,4,1,0,0,0,0,0,0,0,0,2
1,4,0,1,0,0,0,0,0,1,0,0
1,4,0,0,0,0,0,0,0,0,0,0
1,4,0,0,0,0,0,0,0,0,0,0
1,4,0,0,0,0,0,0,0,0,0,2
1,4,1,1,1,1,1,1,0,1,1,0
1,4,0,1,1,1,0,1,0,1,0,0
1,4,1,0,0,0,0,0,0,0,0,0
1,4,0,0,0,0,0,0,0,0,0,0
1,4,0,0,0,0,0,0,0,0,0,2
1,4,0,0,0,0,0,0,0,0,0,2
1,4,0,0,0,0,0,0,0,0,0,2
1,4,1,0,0,0,0,0,0,0,0,2
1,4,0,0,0,0,0,0,0,1,0,1
1,4,0,0,0,0,0,0,0,0,0,2
1,4,0,0,0,0,0,0,0,0,0,1
1,4,0,0,0,0,0,0,0,0,1,2
1,4,0,0,0,0,0,0,0,0,0,2
1,4,0,0,0,0,0,0,0,0,0,1
1,4,0,1,0,1,0,1,1,1,1,0
1,4,1,0,0,0,0,0,0,0,1,0
1,4,0,0,0,0,0,0,0,0,0,1
1,4,0,0,0,0,0,0,0,0,0,1
1,4,1,0,0,0,0,0,0,0,0,0
1,4,0,0,0,0,0,0,0,0,0,0
1,4,0,0,0,0,0,0,0,0,0,1
1,4,0,0,0,0,0,0,0,0,0,2
1,4,1,2,1,0,1,1,0,2,0,1
1,4,0,0,0,0,0,0,0,0,0,0
1,4,0,0,0,0,0,0,0,0,0,1
1,4,0,0,0,0,0,0,0,1,0,0
1,4,0,0,0,0,0,1,0,1,0,0
1,4,0,1,1,1,1,0,0,2,1,0
1,4,0,0,0,0,0,0,0,0,0,2
1,4,0,0,0,1,1,1,0,2,0,0
1,4,0,0,0,0,0,0,0,0,0,1
1,4,0,0,0,0,0,0,0,0,0,2
1,4,0,0,0,0,0,0,0,0,0,2
1,4,0,0,0,0,0,0,0,0,0,1
1,4,2,1,1,1,1,1,0,1,0,0
1,4,0,0,0,1,0,1,0,1,0,2
1,4,0,0,0,0,0,0,0,0,0,1
1,4,0,0,0,0,0,0,0,0,0,1
1,4,0,0,0,0,0,0,0,0,0,0
1,4,0,0,0,0,0,0,0,1,1,2
1,4,0,0,0,0,0,0,0,1,0,0
1,4,1,1,0,0,0,0,0,1,0,0
1,4,0,0,0,0,0,0,0,0,0,2
1,4,0,0,0,0,0,0,0,1,0,1
1,4,0,0,0,0,0,0,0,0,1,0
1,4,0,0,0,0,0,0,0,0,0,0
1,4,0,0,0,0,0,0,0,0,0,2
1,4,0,0,0,0,0,0,0,0,0,0
1,4,0,0,0,0,0,0,0,0,0,2
1,4,0,0,0,0,0,0,0,0,0,2
1,4,0,0,0,0,0,0,0,0,0,0
1,4,0,0,0,0,0,0,0,0,0,2
1,4,0,0,0,0,0,0,0,0,0,0
1,4,0,0,0,0,0,0,0,0,0,2
1,4,0,0,0,0,0,0,0,0,0,1
1,4,0,0,1,0,0,0,0,0,0,0
1,4,0,0,0,0,0,0,0,0,0,2
1,4,1,1,0,0,0,0,0,1,0,0
1,4,0,0,0,0,0,0,0,0,0,2
1,4,0,0,0,0,0,0,1,0,1,2
1,4,0,0,0,0,0,0,0,0,0,2
1,4,0,0,0,0,0,0,0,0,0,2
1,4,0,0,0,0,0,0,0,0,0,1
1,4,1,0,0,0,0,0,0,0,0,2
1,4,0,1,1,1,0,0,0,1,1,0
1,4,0,0,0,0,0,0,0,0,0,2
1,4,0,0,0,0,0,0,0,1,1,1
1,4,0,0,0,0,0,0,0,0,0,2
1,4,0,1,1,0,0,0,0,1,0,0
1,4,0,0,0,0,0,0,0,0,0,2
1,4,2,1,1,1,1,1,0,1,1,0
1,4,0,0,0,0,0,0,0,2,0,2
1,4,0,0,0,0,0,0,0,1,0,0
1,4,1,1,0,1,0,1,0,1,0,0
1,4,0,0,0,0,0,0,0,0,0,2
1,4,0,0,0,0,0,0,0,0,0,0
1,4,2,2,2,1,2,2,1,2,1,0
1,4,0,0,0,0,0,0,0,0,0,2
1,4,1,1,1,1,1,0,0,1,0,0
1,4,0,0,0,0,0,0,0,0,0,2
1,4,0,0,0,0,0,0,0,0,0,2
1,4,1,0,0,0,0,0,0,1,0,0
1,4,0,0,0,0,0,0,0,0,0,1
1,4,0,0,0,0,0,0,0,0,0,2
1,4,1,0,0,1,0,0,0,0,0,0
1,4,1,0,0,0,0,1,0,0,0,1
1,4,0,0,0,0,0,0,0,0,0,1
1,4,0,0,0,0,0,0,0,0,0,2
1,4,0,0,0,0,0,0,0,0,0,0
1,4,1,0,0,0,0,0,0,1,0,0
1,4,0,0,0,0,0,0,0,1,0,1
1,4,0,0,0,0,0,0,0,0,0,0
1,4,0,0,0,0,0,0,0,0,1,0
1,4,0,0,0,0,1,1,0,1,0,0
1,4,2,2,0,1,1,1,0,2,0,0
1,4,0,0,0,0,0,0,0,1,0,0
1,4,0,0,0,0,0,0,0,0,0,2
1,4,1,1,0,0,0,0,0,1,1,0
1,4,0,0,0,0,0,0,0,0,0,0
1,4,0,0,0,0,0,0,0,0,0,0
1,4,0,0,0,0,0,0,0,0,0,2
1,4,0,0,0,0,0,0,0,0,0,2
1,4,0,0,0,0,0,0,0,0,0,0
1,4,0,0,0,0,0,0,0,1,0,0
1,4,0,0,0,0,0,0,0,0,0,2
1,4,1,0,0,0,0,0,0,0,0,0
1,4,0,0,0,0,0,0,0,0,0,1
1,4,0,2,2,2,2,2,1,2,2,0
1,4,0,0,0,0,0,0,0,1,1,0
1,4,0,0,0,0,0,0,0,1,0,0
1,4,0,0,0,0,0,0,0,0,0,0
1,4,1,1,1,1,0,1,0,1,0,0
1,4,1,0,0,0,0,1,0,1,0,0
1,4,0,0,0,0,0,0,0,0,0,2
1,4,0,0,0,0,0,1,0,0,0,2
1,4,2,0,1,1,1,2,0,1,0,1
1,4,1,1,0,0,0,0,0,1,0,1
1,4,1,1,1,0,1,1,0,2,0,0
1,4,0,0,1,0,0,0,0,1,0,2
1,4,0,0,0,0,0,0,0,1,0,1
1,4,0,0,0,0,0,0,0,0,0,2
1,4,0,0,0,0,0,0,0,0,0,2
1,4,0,0,0,0,0,0,0,0,0,2
1,4,0,0,0,0,0,0,0,0,0,2
1,4,0,0,1,0,1,0,0,2,2,0
1,4,0,0,0,0,0,0,0,0,0,2
1,4,0,0,0,0,0,1,0,0,0,1
1,4,2,1,1,0,0,0,0,1,0,0
1,4,1,1,1,1,0,1,0,1,0,1
1,4,0,0,0,0,0,0,0,0,0,1
1,4,1,0,0,0,0,0,0,0,0,1
1,4,1,1,0,0,0,0,1,1,1,1
1,4,1,0,0,0,0,0,0,0,0,0
