"gender","grade","snap1","snap2","snap3","snap4","snap5","snap6","snap7","snap8","snap9","ave"
1,2,1,1,1,1,1,1,1,1,1,4.66666666666667
1,2,1,1,0,1,1,1,1,1,1,3.66666666666667
1,2,1,1,1,1,1,1,1,1,1,4.14285714285714
1,2,1,1,1,1,1,1,1,1,1,4.11111111111111
1,2,1,1,1,1,1,1,1,1,1,4.3
1,2,1,1,1,1,1,1,1,1,1,3.88888888888889
1,2,1,1,1,1,1,1,1,1,1,2.88888888888889
1,2,1,1,1,1,1,1,1,1,1,3.88888888888889
1,2,1,1,1,1,1,1,1,0,1,4.66666666666667
1,2,1,1,1,1,1,1,1,1,1,3.88888888888889
1,2,1,1,1,1,1,1,1,1,1,5.36363636363636
1,2,1,1,1,1,1,1,1,1,1,4.6
1,2,1,1,1,1,1,1,1,0,1,4.22222222222222
1,2,1,1,1,1,1,1,1,1,1,4.11111111111111
1,2,1,1,1,1,1,1,1,1,1,4.8
1,2,1,1,1,1,1,1,1,1,1,4
1,2,1,1,1,1,1,1,1,0,1,3.55555555555556
1,2,1,1,1,1,1,1,1,0,1,4.44444444444444
1,2,1,1,1,1,1,1,1,1,1,3.11111111111111
1,2,1,1,1,1,1,1,1,1,1,3.66666666666667
1,2,1,1,1,1,1,1,1,1,1,4.88888888888889
1,2,0,0,1,1,1,1,1,0,1,2.55555555555556
1,2,1,1,1,1,1,1,1,1,1,2.88888888888889
1,2,1,1,1,1,1,1,1,1,1,3.44444444444444
1,2,1,1,1,1,1,1,1,1,1,3.66666666666667
1,2,1,1,1,1,1,1,1,1,1,3.33333333333333
1,2,1,1,1,1,0,1,1,1,0,4.44444444444444
1,2,1,1,1,1,1,1,1,1,1,4.66666666666667
1,2,1,1,0,1,1,1,1,0,1,4.88888888888889
1,2,0,0,0,0,0,0,0,0,0,3
1,2,1,1,1,1,1,1,1,1,1,2.77777777777778
1,2,1,1,1,1,1,1,1,1,1,4.77777777777778
1,2,1,1,1,1,1,1,1,1,1,4.55555555555556
1,2,1,1,1,1,1,1,1,1,1,4.66666666666667
1,2,1,1,1,1,1,1,1,1,1,4.66666666666667
1,2,0,0,1,1,1,1,1,0,1,4.22222222222222
1,2,1,1,1,1,1,1,1,1,1,4.66666666666667
1,2,0,1,1,1,1,1,0,1,0,4.33333333333333
1,2,0,0,1,0,0,0,0,1,0,3.11111111111111
1,2,0,1,1,1,1,1,1,1,1,4.55555555555556
1,2,1,1,1,1,1,1,1,0,1,4.55555555555556
1,2,0,1,1,1,1,1,1,0,1,4.44444444444444
1,2,0,0,0,1,1,0,0,0,0,3.44444444444444
1,2,1,1,1,1,1,1,1,0,1,4.44444444444444
1,2,0,1,1,1,1,1,1,1,1,3.33333333333333
1,2,1,1,1,1,1,1,1,0,1,3.55555555555556
1,2,1,1,1,1,1,0,1,1,1,4.57142857142857
1,2,1,1,1,1,1,1,1,1,1,3.33333333333333
1,2,1,0,0,1,1,0,0,0,0,3.375
1,2,1,1,1,1,1,1,1,1,1,4.44444444444444
1,2,1,1,1,1,1,1,1,1,1,3.66666666666667
1,2,0,1,1,1,1,0,1,0,0,3.11111111111111
1,2,1,1,1,1,1,1,1,0,1,4.22222222222222
1,2,1,1,1,1,1,1,1,0,1,4.66666666666667
1,2,1,1,1,1,1,1,1,1,1,3.75
1,2,1,1,1,1,1,1,1,1,1,5
1,2,1,1,1,1,1,1,1,1,1,4.88888888888889
1,2,1,1,1,1,1,1,1,1,1,2.77777777777778
1,2,1,1,1,1,1,1,1,1,1,4.55555555555556
1,2,1,1,1,1,1,1,1,1,1,3.66666666666667
1,2,1,1,1,1,1,1,1,1,1,5.11111111111111
1,2,1,1,1,1,1,1,1,1,1,4.55555555555556
1,2,1,1,1,1,1,1,1,1,1,5
1,2,1,1,1,1,1,1,1,1,1,5
1,2,1,1,1,1,1,1,1,1,1,3.77777777777778
1,2,0,0,0,0,0,0,1,0,0,3.77777777777778
1,2,1,1,1,1,1,1,1,1,1,4.22222222222222
1,2,1,1,1,1,1,1,1,1,1,4.11111111111111
1,2,1,1,1,1,1,1,1,1,0,3.88888888888889
1,2,1,1,1,1,1,1,1,1,1,5.22222222222222
1,2,1,1,1,1,1,1,1,1,1,4.33333333333333
1,2,1,1,1,1,1,1,1,1,1,4.66666666666667
1,2,1,0,1,1,1,1,1,0,1,4
1,2,1,1,1,1,1,1,1,1,1,5.33333333333333
1,2,1,1,1,1,1,1,1,1,1,3.22222222222222
1,2,1,1,1,1,1,1,1,0,1,4.11111111111111
1,2,1,1,0,1,1,1,1,0,1,4.55555555555556
1,2,1,1,1,1,1,1,1,1,1,4.375
1,2,1,1,1,1,1,1,1,1,1,4.88888888888889
1,2,1,1,1,1,1,1,1,1,1,4.66666666666667
1,2,1,1,1,1,1,1,1,1,1,4.77777777777778
1,2,1,1,1,1,1,1,1,0,1,4.77777777777778
1,2,1,1,1,1,1,1,1,0,1,5
1,2,1,1,1,1,1,1,1,1,1,3.66666666666667
1,2,1,1,1,1,1,1,1,1,1,4.8
1,2,0,0,1,1,1,1,1,0,0,3.11111111111111
1,2,1,1,1,1,1,1,1,1,1,1.71428571428571
1,2,1,1,1,1,1,1,1,1,1,5.55555555555556
1,2,1,1,1,1,1,1,1,1,1,4.55555555555556
1,2,1,1,1,1,1,1,1,1,1,3.44444444444444
1,2,1,1,1,1,1,1,1,1,1,4.66666666666667
1,2,1,1,1,1,1,1,1,1,0,5.22222222222222
1,2,1,1,1,1,1,1,1,1,1,3.77777777777778
1,2,1,1,1,1,1,1,1,0,1,4.77777777777778
1,2,1,1,1,1,1,1,1,1,1,5.33333333333333
1,2,1,1,1,1,1,1,1,1,1,4.88888888888889
1,2,0,1,0,0,0,1,0,0,0,3
1,2,1,1,1,1,1,1,1,1,1,4.44444444444444
1,2,1,1,1,1,1,1,1,1,1,3.66666666666667
1,2,1,1,1,1,1,1,1,1,1,2.5
1,2,1,1,1,1,1,1,1,1,1,4.88888888888889
1,2,1,1,1,1,1,1,1,1,1,3.7
1,2,1,1,1,1,1,1,1,1,1,4.44444444444444
1,2,1,1,1,1,1,1,1,1,1,4.55555555555556
1,2,1,1,1,1,1,1,1,1,1,4.66666666666667
1,2,1,1,1,1,1,1,1,1,1,4.88888888888889
1,2,1,1,1,1,1,1,1,1,1,4.44444444444444
1,2,1,1,1,1,1,1,1,1,1,4.55555555555556
1,2,1,1,1,1,1,1,1,1,1,5
1,2,1,1,1,1,1,1,1,1,1,3.5
1,2,1,1,1,1,1,1,1,1,1,2.85714285714286
1,2,1,1,1,1,1,1,1,1,1,3.88888888888889
1,2,1,1,1,1,1,1,1,1,1,3.66666666666667
1,2,1,1,1,1,1,1,1,1,1,3.11111111111111
1,2,0,1,1,1,1,1,1,0,1,4.11111111111111
1,2,1,1,1,1,1,1,1,1,1,3.77777777777778
1,2,1,1,1,1,1,1,1,1,1,4.11111111111111
1,2,1,1,1,1,1,1,1,1,1,3.44444444444444
1,2,1,1,1,1,1,1,1,0,1,4.55555555555556
1,2,1,1,1,1,1,1,1,1,1,5
1,2,1,1,1,1,1,1,1,0,1,4.66666666666667
1,2,1,1,0,1,1,1,1,0,0,4.44444444444444
1,2,1,1,1,1,1,1,1,1,1,4.55555555555556
1,2,1,1,1,1,1,1,1,1,1,2.77777777777778
1,2,1,1,1,1,1,1,1,1,1,4.66666666666667
1,2,0,0,0,0,1,1,1,0,0,4
1,2,1,1,1,1,1,1,1,1,1,4.22222222222222
1,2,1,1,1,1,1,1,1,1,1,4.11111111111111
1,2,1,1,1,1,1,1,1,1,1,4.66666666666667
1,2,1,1,1,1,1,1,1,1,1,4.55555555555556
1,2,1,1,1,1,1,1,1,1,1,4.22222222222222
1,2,1,1,1,1,1,1,1,1,1,5.11111111111111
1,2,1,1,1,1,1,1,1,0,1,4.5
1,2,1,1,1,1,1,1,1,1,1,4.11111111111111
1,2,1,1,1,1,1,1,1,1,1,1
1,2,0,0,0,1,1,1,1,0,1,3.8
1,2,1,1,1,1,1,1,1,1,1,5.77777777777778
1,2,1,1,1,1,1,1,1,1,1,4
1,2,1,1,1,1,1,1,1,0,1,2.66666666666667
1,2,1,1,1,1,1,1,1,1,1,3.44444444444444
1,2,1,1,1,1,1,1,1,1,1,4.11111111111111
1,2,1,1,1,1,1,1,1,1,1,4.88888888888889
1,2,1,1,1,1,1,1,1,1,1,5
1,2,1,1,1,1,1,1,1,1,1,4.22222222222222
1,2,1,1,1,1,1,1,1,1,1,3.8
1,2,1,1,1,1,1,1,1,1,1,3.66666666666667
1,2,0,1,1,1,1,1,1,1,1,4.88888888888889
1,2,1,1,1,1,1,1,1,1,1,3.77777777777778
1,2,0,1,1,1,1,1,1,1,1,3.77777777777778
1,2,0,1,1,1,1,1,1,1,1,5
1,2,1,1,1,1,1,1,1,1,1,4.55555555555556
1,2,1,0,1,1,1,1,1,0,0,4
1,2,1,1,1,1,1,1,1,1,1,4.22222222222222
1,2,1,1,0,1,1,1,1,1,1,4
1,2,1,1,1,1,1,1,1,1,1,2.55555555555556
1,2,1,1,1,1,1,1,1,0,0,3.55555555555556
1,2,1,1,1,1,1,1,1,1,1,4.88888888888889
1,2,1,0,1,1,1,1,1,0,1,3.77777777777778
1,2,1,1,1,1,1,1,1,1,1,4.22222222222222
1,2,1,1,1,1,1,1,1,1,1,4.33333333333333
1,2,1,1,1,1,1,1,1,1,1,3.33333333333333
1,2,1,1,1,1,1,1,1,1,1,4.55555555555556
1,2,0,1,1,0,0,1,1,0,0,4
1,2,1,1,1,1,1,1,1,1,1,3.88888888888889
1,2,1,1,1,1,1,1,1,1,1,4.44444444444444
1,2,1,1,1,1,1,1,1,0,1,4
1,2,1,1,1,1,1,1,1,1,1,3.66666666666667
1,2,1,1,1,1,1,1,1,1,1,4.55555555555556
1,2,1,1,1,1,1,1,1,1,1,4.66666666666667
1,2,1,1,1,1,0,1,1,0,1,4.77777777777778
1,2,1,1,1,1,1,1,1,1,1,5.11111111111111
1,2,1,1,1,1,1,1,1,1,1,5.11111111111111
1,2,1,1,1,1,1,1,1,1,1,4.22222222222222
1,2,1,1,1,1,1,1,1,1,1,4.11111111111111
1,2,0,1,1,1,1,1,1,1,1,3.83333333333333
1,2,0,1,1,1,1,1,1,1,1,4.88888888888889
1,2,1,1,1,1,1,1,1,1,1,4.33333333333333
1,2,1,1,1,1,1,1,1,1,1,3.22222222222222
1,2,1,1,1,1,1,1,1,1,1,4.88888888888889
1,2,1,1,1,1,1,1,1,1,1,4.55555555555556
1,2,1,1,1,1,1,1,1,1,1,4.66666666666667
1,2,1,1,1,1,1,1,1,1,1,4.44444444444444
1,2,1,1,1,1,1,1,1,1,1,5
1,2,1,1,0,1,1,1,1,1,1,4
1,2,1,1,1,1,1,1,1,0,1,2.5
1,2,1,1,1,1,1,1,1,1,1,3.22222222222222
1,2,1,1,1,1,1,1,1,1,1,3.88888888888889
1,2,1,1,1,1,1,1,1,1,0,3.3
1,2,1,1,1,1,1,1,1,1,1,4.44444444444444
1,2,1,1,1,1,1,1,1,1,1,4.55555555555556
1,2,1,1,1,1,1,1,1,1,1,3.33333333333333
1,2,1,1,1,1,1,1,1,1,1,3.66666666666667
1,2,1,1,1,1,1,1,1,1,1,4.88888888888889
1,2,1,1,1,1,1,1,1,1,0,4.66666666666667
1,2,1,1,1,1,1,1,1,1,1,4.11111111111111
1,2,1,1,1,1,1,1,1,1,1,3.875
1,2,1,1,1,1,1,1,1,1,1,4.22222222222222
1,2,1,1,1,1,1,1,1,0,0,3.55555555555556
1,2,1,1,1,0,1,1,1,0,0,4.66666666666667
1,2,0,0,0,1,0,1,1,0,1,3.5
1,2,1,1,1,1,1,1,1,1,1,4.11111111111111
1,2,1,1,1,1,1,1,1,1,1,4.22222222222222
1,2,1,1,1,1,1,1,1,1,1,5
1,2,1,1,1,1,1,1,1,0,0,4.22222222222222
1,2,1,1,1,1,1,1,1,1,1,5.44444444444444
1,2,1,1,1,1,1,1,1,1,1,5.22222222222222
1,2,1,1,1,1,1,1,1,1,1,3.77777777777778
1,2,1,1,1,1,1,1,1,0,0,3
1,2,1,1,1,1,1,1,1,1,1,4.55555555555556
1,2,0,0,1,0,1,1,1,0,1,3
1,2,1,1,1,1,1,1,1,1,1,3.33333333333333
1,2,0,1,1,1,1,1,1,1,1,5
1,2,1,0,1,0,1,1,1,0,1,4.66666666666667
1,2,1,1,1,1,1,1,1,1,1,3.77777777777778
1,2,1,1,1,1,1,1,1,1,1,4
1,2,1,1,1,1,1,1,1,1,1,5.2
1,2,1,1,1,1,1,1,1,1,1,5.11111111111111
1,2,1,1,1,1,1,1,1,1,1,5
1,2,1,1,1,1,1,1,1,1,1,3.6
1,2,1,1,1,1,1,1,1,1,1,2.88888888888889
1,2,1,1,1,1,1,1,1,1,1,4.33333333333333
1,2,1,1,1,1,1,1,1,1,1,4.88888888888889
1,2,1,1,1,1,1,1,1,1,1,4.22222222222222
1,2,1,1,1,1,1,1,1,1,1,3.88888888888889
1,2,1,1,1,1,1,1,1,1,1,5.44444444444444
1,2,1,1,1,1,1,1,1,1,1,3.77777777777778
1,2,1,1,1,1,1,1,1,1,1,4.77777777777778
1,2,1,1,1,1,1,1,1,0,1,4.22222222222222
1,2,1,1,1,1,1,1,1,1,1,2.22222222222222
1,2,1,1,1,1,1,1,1,1,1,5.44444444444444
1,2,1,1,1,1,1,1,1,1,1,3.77777777777778
1,2,1,1,1,1,1,1,1,1,1,3.22222222222222
1,2,1,1,1,1,1,1,1,0,1,4
1,2,1,0,0,0,1,1,1,0,1,3.25
1,2,1,1,1,1,1,1,1,1,1,4.55555555555556
1,2,1,1,1,1,1,1,1,1,1,4.22222222222222
1,2,1,1,1,1,1,1,1,0,1,3.77777777777778
1,2,1,1,1,1,1,1,1,1,1,3.66666666666667
1,2,1,1,1,1,1,1,1,1,1,4.33333333333333
1,2,1,1,1,1,1,1,1,1,1,3.77777777777778
1,2,1,1,1,1,1,1,1,1,1,5
1,2,1,1,1,1,1,1,1,1,1,4.22222222222222
1,2,1,1,1,1,1,1,1,1,1,3.3
1,2,1,1,1,1,1,1,1,1,1,3.88888888888889
1,2,1,1,1,1,1,1,1,1,1,4.44444444444444
1,2,1,1,1,1,1,1,1,1,1,4.77777777777778
1,2,1,1,1,1,1,1,1,1,1,4.44444444444444
1,2,1,1,1,1,1,1,1,1,1,4.8
1,2,1,1,1,1,1,1,1,1,1,5.11111111111111
1,2,1,1,1,1,1,1,1,1,1,4.55555555555556
1,2,1,1,1,1,1,1,1,1,1,4.22222222222222
1,2,1,1,1,1,1,1,1,1,1,5.1
1,2,1,1,1,1,1,1,1,1,1,5
1,2,1,1,1,1,1,1,1,1,1,5.11111111111111
1,2,1,1,1,1,1,1,1,1,1,4.55555555555556
1,2,1,1,1,1,1,1,1,1,1,4.55555555555556
1,2,1,1,1,1,1,1,1,1,1,4.66666666666667
1,2,1,1,1,1,1,1,1,1,1,4.11111111111111
1,2,0,0,0,1,1,1,0,0,1,3.9
1,2,1,1,1,1,1,1,1,1,1,4.88888888888889
1,2,1,1,1,1,1,1,1,1,1,4.33333333333333
1,2,1,1,1,1,1,1,1,1,1,3.33333333333333
1,2,1,1,1,1,1,1,1,1,1,3.88888888888889
1,2,1,1,1,1,1,1,1,1,1,4.11111111111111
1,2,1,1,1,1,1,1,1,1,1,4.55555555555556
1,2,1,1,1,1,1,1,1,1,1,4.11111111111111
1,2,1,1,1,1,1,1,1,1,1,3
1,2,1,1,1,1,1,1,1,1,1,2.66666666666667
1,2,1,1,1,1,1,1,1,1,1,4.11111111111111
1,2,1,1,1,1,1,1,1,1,1,4.88888888888889
1,2,1,1,1,1,1,1,1,1,1,4.77777777777778
1,2,1,1,1,1,1,1,0,0,0,4.44444444444444
1,2,1,1,1,1,1,1,1,1,1,4.77777777777778
1,2,1,1,1,1,1,1,1,1,1,4.55555555555556
1,2,1,1,1,1,1,1,1,1,1,4.625
1,2,1,1,1,1,1,1,1,1,1,4.22222222222222
1,2,0,1,1,1,1,1,1,1,1,3.88888888888889
1,2,1,1,1,1,1,1,1,1,1,4.44444444444444
1,2,1,1,1,1,1,1,1,1,1,4.66666666666667
1,2,1,1,1,1,1,1,1,1,1,3
1,2,1,1,1,1,1,1,1,1,1,4.66666666666667
1,2,1,1,1,1,1,1,1,1,1,5.66666666666667
1,2,1,1,1,1,1,1,1,1,1,3.77777777777778
1,2,1,1,1,1,1,1,1,1,1,2.44444444444444
1,2,1,1,1,1,1,1,1,1,1,4.44444444444444
1,2,1,1,0,1,0,1,1,0,1,2.88888888888889
1,2,1,1,1,1,1,1,1,1,1,5.22222222222222
1,2,1,1,1,1,1,1,1,1,1,4.44444444444444
1,2,1,1,1,1,1,1,1,1,1,3.66666666666667
1,2,1,1,1,1,1,1,1,1,1,4.55555555555556
1,2,0,1,1,1,1,1,1,1,1,3.88888888888889
1,2,1,1,1,1,1,1,1,1,1,4.44444444444444
1,2,1,1,1,1,1,1,1,1,1,3.66666666666667
1,2,1,1,1,1,1,1,1,1,1,5.22222222222222
1,2,1,1,1,1,1,1,1,1,1,4.22222222222222
1,2,1,1,1,1,1,1,1,1,1,5.22222222222222
1,2,1,1,0,1,1,1,1,1,1,3.7
1,2,1,1,1,1,1,1,1,1,1,4.11111111111111
1,2,1,1,1,1,1,1,1,1,1,2.55555555555556
1,2,1,1,1,1,1,1,1,1,1,3.44444444444444
1,2,1,1,1,1,1,1,1,1,1,4.88888888888889
1,2,1,0,1,1,1,1,1,0,1,4.5
1,2,1,1,1,1,1,1,1,1,1,3.11111111111111
1,2,1,1,1,1,1,1,1,1,1,4.11111111111111
1,2,1,1,1,1,1,1,1,1,1,4.33333333333333
1,2,0,1,1,1,1,1,1,1,0,3.5
1,2,1,1,1,1,1,1,1,1,1,4
1,2,1,1,1,1,1,1,1,1,1,5
1,2,1,1,1,1,1,1,1,1,1,5.55555555555556
1,2,1,1,1,1,1,1,1,0,0,3.88888888888889
1,2,1,1,1,1,1,1,1,1,1,4.88888888888889
1,2,1,1,1,1,1,1,1,1,1,5
1,2,1,1,1,1,0,1,1,0,1,4.88888888888889
1,2,1,0,0,0,0,1,1,0,0,3.25
1,2,0,1,1,1,1,1,1,1,1,4.33333333333333
1,2,1,1,1,1,1,1,1,1,1,3.88888888888889
1,2,1,1,1,1,1,1,1,1,1,3.66666666666667
1,2,1,1,1,1,1,1,1,1,1,3.88888888888889
1,2,1,1,1,1,1,1,1,1,1,3.77777777777778
1,2,1,1,1,1,1,1,1,1,1,4.22222222222222
1,2,1,1,1,1,1,1,1,1,1,4.8
1,2,1,1,1,1,1,1,1,1,1,4.11111111111111
1,2,1,1,1,1,1,1,1,1,1,4.11111111111111
1,2,1,1,1,1,1,1,1,1,1,4
1,2,1,0,1,0,0,1,1,0,0,5.22222222222222
1,2,1,1,1,1,1,1,1,1,1,4.77777777777778
1,2,1,1,1,1,1,1,1,1,1,3.77777777777778
1,2,0,1,1,1,1,1,1,1,1,4.22222222222222
1,2,1,1,1,1,1,1,1,1,1,5.11111111111111
1,2,1,1,1,1,1,1,1,1,1,4.33333333333333
1,2,1,0,1,1,0,1,1,0,0,4
1,2,1,1,1,1,1,1,1,1,1,4.66666666666667
1,2,1,1,1,1,1,1,1,1,1,3.11111111111111
1,2,1,1,1,1,0,1,1,0,0,4.44444444444444
1,2,1,1,1,1,1,1,1,1,1,5.33333333333333
1,2,1,1,1,1,1,1,1,1,1,3.55555555555556
1,2,1,1,1,1,1,1,1,1,1,4.66666666666667
1,2,1,1,1,1,1,1,1,1,1,4.83333333333333
1,2,1,1,1,1,1,1,1,1,1,4.8
1,2,1,1,1,1,1,1,1,1,1,4.66666666666667
1,2,0,0,0,0,1,1,0,0,0,4.88888888888889
1,2,1,1,1,1,1,1,1,1,1,3.55555555555556
1,2,1,1,1,1,1,1,1,1,1,5
1,2,1,1,1,1,1,1,1,1,1,4.11111111111111
1,2,1,1,1,1,1,1,1,1,1,2.55555555555556
1,2,1,1,1,1,1,1,1,1,1,4.44444444444444
1,2,1,1,1,1,1,1,1,1,1,3.14285714285714
1,2,1,1,1,1,1,1,1,1,1,3.5
1,2,1,1,1,1,1,1,1,1,1,4.88888888888889
1,2,1,1,1,1,1,1,1,1,1,4.33333333333333
1,2,1,1,1,1,1,1,1,1,1,5.22222222222222
1,2,1,1,1,1,1,1,1,1,1,3.77777777777778
1,2,1,1,1,1,1,1,1,1,1,5.55555555555556
1,2,1,1,1,1,1,1,1,1,1,4.22222222222222
1,2,0,0,1,1,1,1,1,0,0,3.11111111111111
1,2,1,1,1,1,1,1,1,1,1,4.77777777777778
1,2,1,1,1,1,1,1,1,1,1,4.77777777777778
1,2,0,1,1,0,1,1,1,1,1,3.11111111111111
1,2,1,1,1,1,1,1,1,1,1,3.55555555555556
1,2,1,1,1,1,1,1,1,1,1,4.2
1,2,1,1,1,1,1,1,1,1,1,3.33333333333333
1,2,1,1,1,1,1,1,1,1,1,4.44444444444444
1,2,1,0,1,1,1,0,1,0,1,1.875
1,2,1,1,1,1,1,1,1,1,1,4.14285714285714
1,2,1,1,1,1,1,1,1,1,1,5
1,2,1,1,1,1,1,1,1,1,1,3.9
1,2,1,1,1,1,1,1,1,1,1,4.55555555555556
1,2,1,1,1,1,1,1,1,1,1,3.57142857142857
1,2,1,1,1,1,1,1,1,1,1,4.5
1,2,1,1,1,1,1,1,1,1,1,5.375
1,2,1,1,1,1,1,1,1,1,1,5.11111111111111
1,2,1,1,1,1,1,1,1,1,1,4.55555555555556
1,2,0,1,1,0,1,1,1,0,1,3.77777777777778
1,2,1,1,1,1,1,1,1,1,1,4.66666666666667
1,2,1,1,1,1,1,1,1,1,1,5.11111111111111
1,2,1,1,1,1,1,1,1,1,1,3.88888888888889
1,2,1,1,1,1,1,1,1,0,0,3.77777777777778
1,2,1,1,1,1,1,1,1,1,1,5.22222222222222
1,2,1,1,1,1,1,1,1,1,1,3.77777777777778
1,2,1,1,1,1,1,1,1,1,1,4.11111111111111
1,2,1,1,1,1,1,1,1,1,1,4.44444444444444
1,2,1,1,1,1,1,1,1,1,1,3.77777777777778
1,2,1,1,1,1,1,1,1,1,1,4.44444444444444
1,2,1,1,1,1,1,1,1,1,1,4.77777777777778
1,2,1,1,1,1,1,1,1,1,1,5.33333333333333
1,2,1,1,1,1,1,1,1,1,1,3.55555555555556
1,2,1,1,1,1,1,1,1,1,1,4.22222222222222
1,2,1,1,1,1,0,1,1,1,1,3.33333333333333
1,2,1,1,1,1,1,1,1,1,1,3.375
1,2,1,1,1,1,1,1,1,1,1,4.11111111111111
1,2,1,1,1,1,1,1,1,1,1,4.11111111111111
1,2,1,1,1,1,1,1,1,1,1,3.44444444444444
1,2,1,1,1,1,1,1,1,1,1,5
1,2,1,1,1,1,1,1,1,1,1,4.66666666666667
1,2,1,1,1,1,1,1,1,1,1,3
1,2,1,1,1,1,1,1,1,1,1,2.44444444444444
1,2,1,1,1,1,1,1,1,1,1,4.22222222222222
1,2,1,1,1,1,1,1,1,1,1,4
1,2,1,1,1,1,1,1,1,1,1,4.55555555555556
1,2,1,1,1,1,1,1,1,1,1,3.55555555555556
1,2,1,1,1,1,1,1,1,1,1,4.77777777777778
1,2,1,1,1,1,1,1,1,1,1,2.875
1,2,1,1,1,1,1,1,1,1,1,4.55555555555556
1,2,1,1,1,1,1,1,1,1,1,3.33333333333333
1,2,0,1,1,1,1,0,1,1,1,3.66666666666667
1,2,1,0,1,1,1,1,1,0,1,3.77777777777778
1,2,1,1,1,1,1,1,1,0,1,1.88888888888889
1,2,0,1,1,1,1,1,1,0,1,3.33333333333333
1,2,1,1,1,1,1,1,1,1,1,4.5
1,2,1,1,1,1,1,1,1,1,1,5
1,2,0,0,1,0,0,0,0,0,0,3.375
1,2,1,1,1,1,1,1,1,1,1,3.66666666666667
1,2,1,1,1,1,1,1,1,1,1,3
1,2,1,1,1,1,1,1,1,1,1,4.44444444444444
1,2,1,1,1,1,1,1,1,1,1,3.88888888888889
1,2,1,1,1,1,1,1,1,1,1,4.33333333333333
1,2,1,1,1,1,1,1,1,1,1,3.33333333333333
1,2,1,1,1,1,1,1,1,1,1,4.42857142857143
1,2,1,1,1,1,1,1,1,1,1,4.77777777777778
1,2,1,1,1,1,1,1,1,1,1,4.375
1,2,1,1,1,1,1,1,1,1,1,5.11111111111111
1,2,1,1,1,1,1,1,1,1,1,4.22222222222222
1,2,1,1,1,1,1,1,1,1,1,4.2
1,2,1,1,1,1,1,1,1,1,1,4.66666666666667
1,2,1,1,1,1,1,1,1,1,1,3.88888888888889
1,2,1,1,1,1,1,1,1,1,1,4.77777777777778
1,2,1,1,1,1,1,1,1,1,1,4.22222222222222
1,2,1,1,1,1,1,1,1,1,1,4.22222222222222
1,2,1,1,1,1,1,1,1,1,1,4.88888888888889
1,2,1,1,1,1,1,1,1,1,1,5.33333333333333
1,2,1,1,1,1,1,1,1,1,1,3.66666666666667
1,2,1,1,1,1,1,1,1,1,1,4.22222222222222
1,2,1,1,1,1,1,1,1,1,1,3.55555555555556
1,2,1,1,1,1,1,1,1,1,1,2.44444444444444
1,2,1,1,1,1,1,1,1,1,1,4.55555555555556
1,2,0,1,1,1,1,1,1,1,1,4.22222222222222
1,2,1,1,1,1,1,1,1,1,1,4.77777777777778
1,2,1,1,1,1,1,1,1,1,1,4.88888888888889
1,2,1,1,1,1,1,1,1,1,1,3.875
1,2,1,1,1,1,1,1,1,1,1,4.22222222222222
1,2,0,1,1,1,1,1,1,1,1,4.77777777777778
1,2,1,1,1,1,1,1,1,1,0,5
1,2,1,1,1,1,1,1,1,0,1,3.66666666666667
1,2,1,1,1,1,1,1,1,1,1,4.28571428571429
1,2,1,1,1,1,1,1,1,1,1,4.22222222222222
1,2,1,1,1,1,1,1,1,1,1,4.44444444444444
1,2,1,1,1,1,1,1,1,1,1,2.66666666666667
1,2,1,1,1,1,1,1,1,1,1,4.8
1,2,1,1,1,1,1,1,1,1,1,4.44444444444444
1,2,1,1,1,1,1,1,1,1,1,5.11111111111111
1,2,1,1,1,1,1,1,1,1,1,4.11111111111111
1,2,1,0,1,1,0,1,1,0,1,3.66666666666667
1,2,1,1,1,1,1,1,1,1,1,5.3
1,2,1,1,1,1,1,1,1,1,1,4.77777777777778
1,2,1,1,1,1,1,1,1,1,1,4.7
1,2,1,0,1,1,1,1,1,0,0,2
1,2,1,1,1,1,1,1,1,1,1,3.75
1,2,1,1,1,1,1,1,1,1,1,4.44444444444444
1,2,1,1,1,1,1,1,1,0,1,4.44444444444444
1,2,1,1,1,1,1,1,1,1,1,3.88888888888889
1,2,1,1,1,1,1,1,1,1,1,4.66666666666667
1,2,1,1,1,1,1,1,1,1,1,4
1,2,1,1,1,1,1,1,1,1,1,5.44444444444444
1,2,1,1,1,1,1,1,1,1,1,5.33333333333333
1,2,1,1,1,1,1,1,1,0,1,5.11111111111111
1,2,1,1,1,1,1,1,1,0,1,5.22222222222222
1,2,1,1,1,1,1,1,1,1,1,4
1,2,1,1,1,1,1,1,1,1,0,5.22222222222222
1,2,1,1,1,1,1,1,1,1,1,4
1,2,1,1,1,1,1,1,1,1,1,3.11111111111111
1,2,1,1,1,1,1,1,1,1,1,2.22222222222222
1,2,1,1,1,1,1,1,1,0,1,3.77777777777778
1,2,1,1,1,1,1,1,1,1,1,3.33333333333333
1,2,0,0,0,0,0,1,0,0,0,3.33333333333333
1,2,1,1,1,1,1,1,1,1,1,5.11111111111111
1,2,1,1,1,1,1,1,1,1,1,3.7
1,2,0,0,1,1,0,1,1,0,0,4.88888888888889
1,2,1,1,1,1,1,1,1,1,1,4.33333333333333
1,2,1,1,1,1,1,1,1,1,1,4.44444444444444
1,2,1,1,1,1,1,1,1,1,1,5.11111111111111
1,2,1,1,1,1,1,1,1,1,1,3.88888888888889
1,2,1,1,1,1,1,1,1,1,1,5
1,2,1,1,1,1,1,1,1,0,1,4.88888888888889
1,2,1,1,1,1,1,1,1,1,1,3.6
1,2,1,1,1,1,1,1,1,1,1,4.66666666666667
1,2,1,1,1,1,1,1,1,1,1,4.88888888888889
1,2,1,0,1,0,0,1,0,0,0,3.125
1,2,1,1,1,1,1,1,1,1,1,3.88888888888889
1,2,1,1,1,1,1,1,1,1,1,5
1,2,1,1,1,1,1,1,1,0,1,5.55555555555556
1,2,1,1,1,1,1,1,1,1,1,4.55555555555556
1,2,1,1,1,1,1,1,1,1,1,4.22222222222222
1,2,1,0,1,1,0,1,0,0,0,3.77777777777778
1,2,1,1,1,1,1,1,1,1,1,3.77777777777778
1,2,1,1,1,1,1,1,1,1,1,3.44444444444444
1,2,1,1,1,1,1,1,1,1,1,3.77777777777778
1,2,1,1,1,1,1,1,1,1,1,4.3
1,2,1,1,1,1,1,1,1,1,1,4.88888888888889
1,2,1,1,1,1,1,1,1,1,1,5.33333333333333
1,2,1,1,1,1,1,1,1,1,1,5
1,2,1,1,1,1,1,1,1,1,1,4.88888888888889
1,2,1,1,1,1,1,1,1,1,1,3.88888888888889
1,2,1,1,1,1,1,1,1,1,1,3.33333333333333
1,2,1,1,1,1,1,1,1,1,1,3.77777777777778
1,2,1,1,1,1,1,1,1,1,1,4.9
1,2,1,1,1,1,1,1,1,1,1,5
1,2,1,1,1,1,1,1,1,1,1,4.14285714285714
1,2,1,1,1,1,1,1,1,1,1,4.66666666666667
1,2,0,1,1,0,1,0,1,1,1,2.66666666666667
1,2,1,1,1,1,1,1,1,0,1,2.55555555555556
1,2,1,1,1,1,1,1,1,1,1,3.88888888888889
1,2,1,1,1,1,1,1,1,1,1,2.375
1,2,1,1,1,1,1,1,1,1,1,4.33333333333333
1,2,1,1,1,1,1,1,1,1,1,5
1,2,1,1,1,1,1,1,1,1,1,3.66666666666667
1,2,1,1,1,1,1,1,1,1,0,4.11111111111111
1,2,1,1,1,1,1,1,1,1,1,4.1
1,2,1,1,1,1,1,1,1,1,1,4.66666666666667
1,2,1,1,1,1,1,1,1,1,1,3.55555555555556
1,2,1,1,1,1,1,1,1,1,1,4.33333333333333
1,2,1,1,1,1,1,1,1,1,1,4.77777777777778
1,2,1,0,1,1,1,1,1,0,1,3.66666666666667
1,3,1,1,1,1,1,1,1,1,1,4.11111111111111
1,3,1,1,1,1,1,1,1,1,1,4.44444444444444
1,3,1,1,1,0,1,0,1,0,1,2.5
1,3,1,1,1,1,1,1,1,1,1,4.66666666666667
1,3,1,1,1,1,1,1,1,1,0,5.25
1,3,1,1,1,1,1,1,1,1,1,5
1,3,1,1,1,1,1,1,1,1,1,4.33333333333333
1,3,1,1,1,1,1,1,1,1,1,4.33333333333333
1,3,1,1,1,1,1,1,1,1,1,2.42857142857143
1,3,1,1,1,1,1,1,1,0,1,4
1,3,1,1,1,1,1,1,1,1,1,3.77777777777778
1,3,1,1,1,1,1,1,1,1,0,3.5
1,3,1,1,1,1,1,1,1,1,1,4
1,3,1,1,1,1,1,1,1,1,0,4.6
1,3,1,1,1,1,1,1,1,0,1,4.55555555555556
1,3,1,0,0,1,1,1,1,0,1,3.2
1,3,1,1,1,1,1,1,1,1,1,3.9
1,3,1,1,1,1,1,1,1,1,1,3.9
1,3,1,1,1,1,1,1,1,1,1,4.22222222222222
1,3,1,1,1,1,1,1,1,1,1,4.07692307692308
1,3,1,1,1,1,1,1,1,0,1,3.77777777777778
1,3,1,1,1,1,1,1,1,1,1,4.66666666666667
1,3,1,1,1,1,1,1,1,1,1,5
1,3,1,1,1,1,1,1,1,1,1,3
1,3,1,1,1,1,1,1,1,1,1,4.33333333333333
1,3,1,1,1,1,1,1,1,0,1,4.22222222222222
1,3,0,0,0,0,0,0,0,0,0,3.83333333333333
1,3,1,1,1,1,1,1,1,1,1,4.66666666666667
1,3,1,1,1,1,1,1,1,1,1,3.33333333333333
1,3,1,1,1,1,1,1,1,1,1,4
1,3,1,1,1,1,1,1,1,1,1,4.75
1,3,1,1,1,1,1,1,1,1,1,3.8
1,3,1,1,1,1,1,1,1,1,1,3.125
1,3,1,1,1,1,1,1,1,1,1,4.5
1,3,1,1,1,1,1,1,1,0,1,4.42857142857143
1,3,1,1,1,1,1,1,1,1,1,4
1,3,1,1,1,1,1,1,1,1,1,4.22222222222222
1,3,1,1,1,1,1,1,1,1,1,3.88888888888889
1,3,1,1,1,1,1,1,1,0,0,3.71428571428571
1,3,1,1,1,1,1,1,1,1,1,4.3
1,3,1,1,1,1,1,1,1,1,1,3.55555555555556
1,3,1,1,1,1,1,1,1,1,1,4.66666666666667
1,3,1,1,1,1,1,1,1,1,1,4.5
1,3,1,1,1,1,1,1,1,1,1,3.66666666666667
1,3,0,1,1,1,1,1,1,1,1,4.77777777777778
1,3,1,1,1,1,1,1,1,1,1,4.85714285714286
1,3,1,1,1,1,1,1,1,0,1,4.08333333333333
1,3,1,1,1,1,1,1,1,1,1,4.125
1,3,1,1,1,1,1,1,1,1,1,5.11111111111111
1,3,1,1,1,1,1,1,1,1,1,3.69230769230769
1,3,1,1,1,1,1,1,1,0,1,3.5
1,3,1,1,1,1,1,1,1,1,1,4.5
1,3,1,1,1,0,1,1,1,0,1,3.7
1,3,1,1,1,1,1,1,1,1,1,4
1,3,1,1,1,1,1,1,1,0,1,3.44444444444444
1,3,1,1,1,1,1,1,1,1,1,4.66666666666667
1,3,1,1,1,1,1,1,1,1,1,4
1,3,1,1,1,1,1,1,1,1,1,5.125
1,3,1,1,1,1,1,1,1,1,1,4.57142857142857
1,3,1,1,1,1,1,1,1,1,1,3.77777777777778
1,3,1,1,1,1,1,1,1,1,1,2.71428571428571
1,3,1,1,1,1,1,1,1,1,1,4.66666666666667
1,3,1,1,1,1,1,1,1,1,1,4.11111111111111
1,3,1,1,1,1,1,1,1,1,1,4.66666666666667
1,3,1,1,1,1,1,1,1,1,1,2.85714285714286
1,3,1,1,1,1,1,1,1,1,1,4.44444444444444
1,3,1,1,1,1,1,1,1,1,1,4.5
1,3,1,1,1,1,1,1,1,1,1,3.83333333333333
1,3,1,1,1,1,1,1,1,0,1,4.6
1,3,1,1,1,1,1,1,1,1,1,3.33333333333333
1,3,0,1,0,1,1,0,1,1,1,3.2
1,3,1,1,1,1,1,1,1,1,1,4.625
1,3,1,1,1,1,1,1,1,1,1,4.6
1,3,1,1,1,1,1,1,1,1,1,3.75
1,3,1,1,1,1,1,1,1,1,1,4.44444444444444
1,3,1,1,1,1,1,1,1,1,1,3.46153846153846
1,3,1,1,1,1,1,1,1,1,1,4
1,3,1,1,1,1,1,1,1,0,1,4.45454545454545
1,3,0,1,1,0,1,0,1,0,0,2.875
1,3,0,0,1,0,0,1,1,0,1,3.5
1,3,1,1,1,1,1,1,1,1,1,4.44444444444444
1,3,1,1,1,1,1,1,1,1,1,4.11111111111111
1,3,1,1,1,1,1,1,1,1,1,5.11111111111111
1,3,1,1,1,1,1,1,1,1,1,5.4
1,3,1,1,1,1,1,1,1,1,1,4.55555555555556
1,3,1,1,1,1,1,1,1,1,0,4.44444444444444
1,3,1,1,0,1,1,1,1,1,1,2.88888888888889
1,3,0,1,1,1,1,1,1,0,1,3.83333333333333
1,3,1,1,1,1,1,1,1,1,1,4.55555555555556
1,3,1,1,1,1,1,1,1,1,1,2.25
1,3,1,1,1,1,1,1,1,1,1,4.55555555555556
1,3,1,1,1,1,1,0,1,0,1,3.375
1,3,1,1,1,1,1,1,1,1,1,4.375
1,3,1,1,1,1,1,1,1,1,1,4.44444444444444
1,3,1,1,1,1,1,1,1,1,1,4.55555555555556
1,3,1,1,1,1,1,1,1,1,1,4.1
1,3,1,1,1,1,1,1,1,1,1,3.85714285714286
1,3,1,1,1,1,1,1,1,0,1,4
1,3,1,1,1,1,1,1,1,1,1,4.3
1,3,1,0,1,1,0,1,1,0,1,2.57142857142857
1,3,1,1,1,1,1,1,1,1,1,3.77777777777778
1,3,1,1,1,1,1,1,1,1,1,4.22222222222222
1,3,1,1,1,1,1,1,1,1,1,3.88888888888889
1,3,1,1,1,1,1,1,1,1,1,5
1,3,1,1,1,1,1,1,1,1,1,3.2
1,3,1,1,1,0,1,1,1,1,1,4
1,3,0,1,1,1,1,0,1,0,1,2.75
1,3,1,1,1,1,1,1,1,1,1,4.125
1,3,0,1,1,1,1,1,1,1,1,5.44444444444444
1,3,1,1,1,1,1,1,1,1,1,4.22222222222222
1,3,1,1,1,1,1,1,1,1,1,4.7
1,3,1,0,1,1,1,0,1,1,1,3.57142857142857
1,3,1,1,1,1,1,1,1,1,1,4.91666666666667
1,3,1,1,1,1,1,1,1,1,1,4.77777777777778
1,3,1,1,1,1,1,1,1,1,1,3.44444444444444
1,3,1,1,1,1,1,1,1,1,1,3.8
1,3,1,1,1,1,1,1,1,1,1,4.22222222222222
1,3,1,1,1,1,1,1,1,0,1,4.625
1,3,1,1,1,1,1,1,1,1,1,3.14285714285714
1,3,1,1,1,1,1,1,1,1,1,5.22222222222222
1,3,1,1,1,1,1,1,1,1,1,3.33333333333333
1,3,1,1,1,1,1,1,1,1,1,5.44444444444444
1,3,1,1,1,1,1,1,1,0,1,4.125
1,3,1,1,1,1,1,1,1,1,1,4.7
1,3,1,1,1,1,1,1,1,1,1,4
1,3,1,1,1,1,1,1,1,1,1,5.16666666666667
1,3,1,1,1,1,1,1,1,1,1,3.83333333333333
1,3,1,1,1,1,1,1,1,1,1,5.375
1,3,1,1,1,1,1,1,1,1,1,4.33333333333333
1,3,1,1,1,1,1,1,1,1,1,3.5
1,3,1,1,1,1,1,1,1,1,1,4.66666666666667
1,3,1,1,1,1,1,1,1,1,1,4.2
1,3,1,1,1,1,1,1,1,1,1,4.33333333333333
1,3,1,1,1,1,1,1,1,1,1,4.75
1,3,0,0,1,0,0,0,1,0,0,2.4
1,3,1,1,1,1,1,1,1,1,1,3.75
1,3,1,1,0,1,0,1,1,0,0,3
1,3,1,1,1,1,1,1,1,1,1,3.9
1,3,1,1,1,1,1,1,1,1,1,3.11111111111111
1,3,1,1,1,1,1,1,1,1,1,2.88888888888889
1,3,1,1,1,1,1,1,1,1,1,5.33333333333333
1,3,1,1,1,1,1,1,1,1,1,4.125
1,3,1,1,1,1,1,1,1,1,1,4.57142857142857
1,3,1,1,1,1,1,1,1,1,1,4.33333333333333
1,3,1,1,1,1,1,1,1,1,1,4.8
1,3,1,1,1,1,1,1,1,1,1,5
1,3,1,1,1,1,1,1,1,1,1,4.9
1,3,0,0,1,1,1,1,1,0,1,2.90909090909091
1,3,1,0,1,1,1,0,1,1,1,3.2
1,3,1,1,1,1,1,1,1,1,1,3.66666666666667
1,3,1,1,1,1,1,1,1,1,1,4.22222222222222
1,3,0,1,1,1,1,1,1,0,0,3.1
1,3,1,1,1,1,1,1,1,1,1,4.33333333333333
1,3,1,1,1,1,1,1,1,1,1,4.33333333333333
1,3,1,1,1,1,1,1,1,0,1,4
1,3,1,1,1,1,1,1,1,1,1,4
1,3,1,1,1,1,1,1,1,0,1,4.5
1,3,1,1,1,1,1,1,1,1,1,3.55555555555556
1,3,1,1,1,1,1,1,1,1,1,4.3
1,3,1,1,1,1,1,1,1,1,1,4.88888888888889
1,3,1,1,1,1,1,1,1,1,1,5.33333333333333
1,3,1,1,1,1,1,1,1,1,1,4
1,3,0,1,1,1,1,1,1,1,1,3.85714285714286
1,3,1,1,1,1,1,1,1,1,1,4.11111111111111
1,3,1,1,1,1,1,1,1,1,1,4.33333333333333
1,3,1,1,1,1,1,1,1,1,1,4.33333333333333
1,3,1,1,1,1,1,1,1,1,1,3.77777777777778
1,3,1,1,1,1,1,1,1,1,1,2.125
1,3,1,1,1,1,1,1,1,1,1,2.9
1,3,0,1,1,1,1,1,1,1,1,2.88888888888889
1,3,0,0,1,1,0,0,1,0,0,3.9
1,3,1,1,1,1,1,1,1,1,1,3.44444444444444
1,3,1,1,1,1,1,1,1,0,1,3.625
1,3,1,1,1,1,1,1,1,1,1,5
1,3,1,1,1,1,1,1,1,1,1,4.6
1,3,0,1,1,0,1,0,1,0,0,3.9
1,3,1,1,1,1,1,1,1,1,1,3.5
1,3,1,1,1,1,1,1,1,1,1,4.25
1,3,1,1,1,1,1,1,1,1,1,4.375
1,3,1,1,1,1,1,1,1,1,1,4
1,3,1,1,1,1,1,1,1,1,1,4.22222222222222
1,3,1,1,1,1,1,1,1,1,1,4.375
1,3,1,1,1,1,1,1,1,1,1,5.2
1,3,1,1,1,1,1,1,1,1,1,4.66666666666667
1,3,1,1,1,1,1,1,1,1,1,4.11111111111111
1,3,1,1,1,1,1,1,1,1,1,4.2
1,3,1,1,1,1,1,1,1,1,1,4.33333333333333
1,3,1,1,1,1,1,1,1,1,1,4.66666666666667
1,3,1,1,1,1,1,1,1,0,1,4.33333333333333
1,3,1,1,1,1,1,1,1,1,1,4.90909090909091
1,3,1,1,1,1,1,1,1,0,1,4.41666666666667
1,3,1,1,1,1,1,1,1,1,1,3.44444444444444
1,3,1,1,1,1,1,1,1,1,1,1.75
1,3,1,1,1,1,1,1,1,1,1,2.42857142857143
1,3,1,1,1,1,1,1,1,1,1,3.5
1,3,0,1,1,1,1,1,1,1,1,3.85714285714286
1,3,1,1,1,1,1,1,1,1,1,4.66666666666667
1,3,1,1,1,1,1,1,1,0,1,4.11111111111111
1,3,1,1,1,1,1,1,1,1,1,3.55555555555556
1,3,1,1,1,1,1,1,1,1,1,4.25
1,3,1,1,1,1,1,1,1,1,1,4.88888888888889
1,3,1,1,1,1,1,1,1,1,1,3.71428571428571
1,3,1,1,1,1,1,1,1,1,1,2.71428571428571
1,3,1,1,1,1,1,1,1,1,1,4.88888888888889
1,3,1,1,1,1,1,1,1,1,1,4.75
1,3,1,1,1,0,0,0,1,0,1,3.85714285714286
1,3,1,1,1,1,1,1,1,1,0,4.5
1,3,1,1,1,1,1,1,1,1,1,5.44444444444444
1,3,1,1,1,1,1,1,1,1,1,4.75
1,3,1,1,1,1,1,1,1,1,1,5
1,3,1,1,1,1,1,1,1,1,1,3
1,3,1,1,1,1,1,1,1,1,1,5.22222222222222
1,3,1,1,1,1,1,1,1,1,1,3.11111111111111
1,3,1,1,1,1,1,1,1,1,1,4.66666666666667
1,3,1,1,1,1,1,1,1,1,1,4.55555555555556
1,3,1,1,1,1,1,1,1,1,1,3.33333333333333
1,3,1,1,1,1,1,1,1,1,1,5.125
1,3,1,1,1,1,1,1,1,1,1,4
1,3,1,1,1,1,1,1,1,1,1,4
1,3,0,1,1,1,1,1,1,1,1,4
1,3,1,1,1,1,1,1,1,1,1,4.7
1,3,0,0,1,0,0,0,1,0,1,2.57142857142857
1,3,0,1,1,1,1,1,1,0,1,4.14285714285714
1,3,1,1,1,1,1,1,1,1,1,4.5
1,3,1,1,1,1,1,1,1,1,1,4.9
1,3,1,1,1,1,1,1,1,1,1,4.91666666666667
1,3,1,1,1,1,1,1,1,1,1,4.875
1,3,1,1,1,1,1,1,1,1,1,4.44444444444444
1,3,0,0,0,0,0,0,0,0,0,2.44444444444444
1,3,1,1,1,1,1,1,1,1,1,4
1,3,1,1,1,1,1,1,1,1,1,4.22222222222222
1,3,1,1,1,1,1,1,1,1,1,3.11111111111111
1,3,1,1,1,1,1,1,1,1,1,3.77777777777778
1,3,1,1,1,1,1,1,1,1,1,4.375
1,3,1,1,1,1,1,1,1,0,0,3.92307692307692
1,3,0,1,1,0,1,1,1,0,0,2.75
1,3,1,1,1,1,1,1,1,1,1,3.88888888888889
1,3,1,1,1,1,1,1,1,1,1,4.875
1,3,1,1,1,1,1,1,1,1,1,4
1,3,0,0,1,0,0,0,1,0,1,3
1,3,1,1,1,1,0,1,1,1,1,3.875
1,3,0,1,1,1,1,1,1,1,1,4.875
1,3,0,0,1,1,1,1,1,0,1,4
1,3,1,1,1,1,1,1,1,1,1,5.1
1,3,1,1,1,1,1,1,1,1,1,4.4
1,3,1,1,1,1,1,1,1,1,1,2.5
1,3,1,1,1,1,1,1,1,1,1,5.125
1,3,1,1,1,1,1,1,1,1,1,3.25
1,3,1,0,0,1,1,1,1,0,1,4.5
1,3,1,1,1,1,1,1,1,1,1,4.44444444444444
1,3,0,1,1,1,1,1,1,1,1,3.77777777777778
1,3,1,0,1,1,1,1,1,0,1,1.5
1,3,1,1,1,1,1,1,1,1,1,3.66666666666667
1,3,1,1,1,1,1,1,1,1,1,4.22222222222222
1,3,1,1,1,1,1,1,1,1,1,3.9
1,3,1,1,1,1,1,1,1,1,1,5.25
1,3,1,1,1,1,1,1,1,1,1,4.6
1,3,0,1,1,1,1,1,1,0,1,3.1
1,3,1,1,1,1,1,1,1,1,1,4.88888888888889
1,3,1,1,1,1,1,1,1,1,1,3.5
1,3,1,1,1,1,1,1,1,1,1,4.88888888888889
1,3,0,1,1,1,1,1,1,1,1,4
1,3,1,1,1,1,1,1,1,0,1,2.55555555555556
1,3,1,1,1,1,1,1,1,1,1,4.25
1,3,1,1,1,1,1,1,1,1,1,4
1,3,0,1,1,1,1,1,1,1,1,4.6
1,3,1,1,1,1,1,1,1,1,1,5.41666666666667
1,3,1,0,1,1,1,1,1,0,1,3.71428571428571
1,3,1,1,1,1,1,1,1,1,1,4.22222222222222
1,3,1,1,1,1,1,1,1,1,1,4.5
1,3,1,1,1,1,1,1,1,1,0,4.4
1,3,1,1,1,1,1,1,1,1,1,4.33333333333333
1,3,1,1,1,1,1,1,1,1,1,4.9
1,3,1,1,1,1,1,1,1,1,1,4.14285714285714
1,3,0,1,1,1,1,1,0,1,0,4
1,3,0,1,0,0,1,1,1,1,1,4.22222222222222
1,3,1,1,1,1,1,1,1,1,1,3.7
1,3,1,1,1,1,1,1,1,1,1,4.28571428571429
1,3,0,1,1,1,1,1,1,1,1,3.875
1,3,1,1,1,1,1,1,1,1,1,4
1,3,1,1,1,1,1,1,1,1,1,4.7
1,3,1,1,1,1,1,1,1,1,1,4.3
1,3,0,1,1,1,1,1,1,1,0,3.5
1,3,1,1,1,1,1,1,1,1,1,3.42857142857143
1,3,1,1,1,1,1,1,1,1,1,3.125
1,3,1,0,1,1,0,1,1,0,1,2.7
1,3,1,1,1,1,1,1,1,1,1,4
1,3,1,1,1,1,1,1,1,1,1,4.22222222222222
1,3,1,1,1,1,1,1,1,1,1,4
1,3,1,1,1,1,1,1,1,1,1,5.55555555555556
1,3,1,1,1,1,1,1,1,1,1,3.875
1,3,0,0,1,0,0,0,1,0,1,4.375
1,3,1,1,1,1,1,1,1,1,1,4.11111111111111
1,3,0,1,1,0,1,0,1,0,1,2.71428571428571
1,3,1,1,1,1,1,1,1,1,1,3.33333333333333
1,3,1,1,1,1,1,1,1,1,1,4.375
1,3,1,1,1,1,1,1,1,1,1,3.66666666666667
1,3,1,1,1,1,1,1,1,1,1,4
1,3,1,1,1,1,1,1,1,1,1,4.57142857142857
1,3,1,1,1,1,1,1,1,1,1,3.63636363636364
1,3,1,1,1,1,1,1,1,1,1,4.625
1,3,1,1,1,1,1,1,1,1,1,4.25
1,3,1,1,1,1,1,1,1,1,1,4.7
1,3,1,1,1,1,1,1,1,1,1,4.6
1,3,1,1,1,1,1,1,1,1,1,4.22222222222222
1,3,1,1,1,1,1,1,1,1,1,4.375
1,3,1,1,1,1,1,1,1,1,1,4.5
1,3,1,1,1,1,1,1,1,1,1,3.42857142857143
1,3,1,1,1,1,1,1,1,1,1,4.14285714285714
1,3,1,1,1,1,1,1,1,1,1,4.25
1,3,1,1,1,1,1,1,1,1,1,4.16666666666667
1,3,1,1,1,1,1,1,1,0,1,3.25
1,3,1,1,1,1,1,1,1,1,1,3.875
1,3,1,1,1,1,1,1,1,1,1,4.7
1,3,1,1,1,0,1,1,1,1,0,4
1,3,1,1,1,1,1,1,1,1,1,5.22222222222222
1,3,1,1,1,1,1,1,1,1,1,3.44444444444444
1,3,1,1,1,1,1,1,1,1,1,4.875
1,3,1,1,1,1,1,1,1,1,1,4.75
1,3,1,1,1,1,1,1,1,1,1,4.55555555555556
1,3,1,1,1,1,1,1,1,1,1,3.8
1,3,1,1,1,1,1,1,1,1,1,4.44444444444444
1,3,1,1,1,1,1,1,1,1,1,4.55555555555556
1,3,1,1,1,1,1,1,1,1,1,4.38461538461539
1,3,1,1,1,1,1,1,1,1,1,4.5
1,3,1,1,1,1,1,1,1,1,1,4.75
1,3,1,1,1,1,1,1,1,1,1,5
1,3,1,1,1,1,1,1,1,1,1,3.44444444444444
1,3,1,1,1,1,1,1,1,1,1,3.5
1,3,1,1,1,1,1,1,1,1,1,5.33333333333333
1,3,1,1,1,1,1,1,1,1,1,5
1,3,0,1,1,1,1,1,1,1,1,3.4
1,3,1,1,1,1,1,1,1,1,1,4
1,3,0,0,0,0,0,1,1,0,1,4.33333333333333
1,3,1,1,1,1,1,1,1,1,1,4
1,3,1,0,0,1,1,1,1,0,1,3.5
1,3,1,1,1,1,1,1,1,1,1,5.1
1,3,1,1,1,0,0,0,1,0,1,3.85714285714286
1,3,1,1,1,1,1,1,1,1,1,4.18181818181818
1,3,1,1,1,1,1,1,1,1,1,4.88888888888889
1,3,1,1,1,1,1,1,1,1,1,3.33333333333333
1,3,1,1,1,1,1,1,1,1,1,4.55555555555556
1,3,0,1,1,1,1,1,1,1,1,4.875
1,3,1,1,1,1,1,1,1,1,1,4.11111111111111
1,3,1,1,1,1,1,1,1,1,1,4.77777777777778
1,3,1,1,1,1,1,1,1,0,1,4.22222222222222
1,3,1,1,1,1,1,1,1,1,1,4.44444444444444
1,3,1,1,1,1,1,1,1,1,1,3.77777777777778
1,3,1,1,1,1,1,1,1,1,1,4.25
1,3,1,1,1,1,1,1,1,1,1,3.5
1,3,1,1,1,1,1,1,1,1,1,5.25
1,3,1,1,1,1,1,1,1,1,1,4.88888888888889
1,3,1,1,1,1,1,1,1,1,1,4
1,3,1,1,1,1,1,1,1,1,1,4.25
1,3,1,1,1,1,1,1,1,1,1,3.33333333333333
1,3,1,1,1,1,1,1,1,1,1,4.125
1,3,1,1,1,1,1,1,1,1,1,3.875
1,3,1,1,1,1,1,1,1,1,1,4.55555555555556
1,3,1,1,1,1,1,1,1,1,1,5
1,3,1,1,1,1,1,1,1,1,1,3
1,3,1,1,1,1,1,1,1,1,1,3.44444444444444
1,3,1,1,1,1,1,1,1,1,1,4.33333333333333
1,3,1,1,1,1,1,1,1,1,1,4.66666666666667
1,3,1,1,1,1,1,1,1,1,1,4.5
1,3,1,1,1,1,1,1,1,1,1,3.75
1,3,0,1,1,1,1,1,1,0,0,3.75
1,3,1,1,1,1,1,1,1,1,1,4
1,3,1,1,1,1,1,1,1,1,1,4.1
1,3,1,1,1,1,1,1,1,1,1,3
1,3,1,1,1,1,1,1,1,1,1,4.75
1,3,1,1,1,1,1,1,1,0,1,2.625
1,3,1,0,1,1,1,1,1,1,1,4
1,3,1,1,1,1,1,1,1,1,1,4.88888888888889
1,3,1,1,1,1,1,1,1,1,1,5
1,3,1,1,1,1,1,1,1,1,1,4
1,3,1,1,1,1,1,1,1,1,1,3.11111111111111
1,3,1,1,1,1,1,1,1,1,1,4.57142857142857
1,3,1,1,1,1,1,1,1,1,1,3.11111111111111
1,3,1,1,1,1,1,1,1,1,1,4
1,3,1,1,1,1,1,1,1,1,1,3.6
1,3,1,1,1,1,1,1,1,1,1,5.25
1,3,1,1,1,1,1,1,1,1,1,5.3
1,3,1,1,1,1,1,1,1,1,1,3.9
1,3,1,1,1,1,1,1,1,1,1,4.22222222222222
1,3,1,1,1,1,1,1,1,1,1,4.75
1,3,1,1,1,1,1,1,1,1,1,4.125
1,3,1,1,1,1,1,1,1,0,1,4
1,3,1,1,1,1,1,1,1,0,1,4.1
1,3,1,1,1,1,1,1,1,1,1,4.11111111111111
1,3,1,1,1,1,1,1,1,1,1,4.44444444444444
1,3,1,1,1,1,1,1,1,1,1,2.125
1,3,1,1,1,1,1,1,1,1,1,4.5
1,3,0,1,1,1,1,1,1,1,1,3.91666666666667
1,3,1,1,1,1,1,1,1,1,0,4.75
1,3,1,1,1,1,1,1,1,1,1,4
1,3,1,1,1,1,1,1,1,1,1,4.66666666666667
1,3,1,1,1,1,1,1,1,1,1,4.66666666666667
1,3,1,1,1,1,1,1,1,1,1,3.85714285714286
1,3,1,1,1,1,1,1,1,1,0,4.5
1,3,1,1,1,1,1,1,1,1,1,3.125
1,3,1,1,1,1,1,1,1,1,1,4
1,3,1,1,1,1,1,1,1,1,1,4.5
1,3,1,1,1,1,1,1,1,1,1,3.75
1,3,1,1,1,1,1,1,1,1,1,3.625
1,3,1,1,1,1,1,1,1,1,1,4.55555555555556
1,3,1,1,1,1,1,1,1,1,1,4.125
1,3,1,1,1,1,1,1,1,1,1,3.88888888888889
1,3,1,1,1,1,1,1,1,1,1,5.22222222222222
1,3,1,1,1,1,1,1,1,1,1,3.42857142857143
1,3,1,1,1,1,1,1,1,1,1,4.625
1,3,1,1,1,1,1,1,1,0,1,4.25
1,4,1,1,1,1,1,1,1,1,1,4.9
1,4,0,0,0,0,0,0,1,0,0,3.88888888888889
1,4,1,1,1,1,1,1,1,1,1,3.77777777777778
1,4,1,1,1,1,1,1,1,1,1,2.85714285714286
1,4,1,1,1,1,1,1,1,1,1,2.375
1,4,0,1,1,1,1,1,1,1,1,3.85714285714286
1,4,1,0,1,0,0,0,1,1,1,2.42857142857143
1,4,1,1,1,1,1,1,1,1,1,4.55555555555556
1,4,1,0,1,1,1,1,1,0,1,4.25
1,4,0,1,1,1,1,1,1,1,1,4.25
1,4,1,1,1,1,1,1,1,0,0,3.75
1,4,1,1,1,1,1,0,1,1,1,3.625
1,4,1,1,1,1,1,1,1,1,1,4.42857142857143
1,4,1,1,1,1,1,1,1,1,1,3.9
1,4,1,1,1,1,1,1,1,1,0,4
1,4,1,1,1,1,1,1,1,0,1,3.77777777777778
1,4,1,1,1,1,1,1,1,1,1,3.5
1,4,1,1,1,1,1,1,1,1,1,4.66666666666667
1,4,1,1,1,1,1,1,1,1,1,4.5
1,4,1,1,1,1,1,1,1,1,1,4.83333333333333
1,4,1,1,1,1,1,1,1,1,1,4.5
1,4,1,1,1,1,1,1,1,1,1,4.75
1,4,1,1,1,1,1,1,1,1,1,3.14285714285714
1,4,1,1,1,1,1,1,1,1,1,4.88888888888889
1,4,1,1,1,1,1,1,1,1,1,4.28571428571429
1,4,1,1,1,1,1,1,1,1,1,3.88888888888889
1,4,1,1,0,0,1,1,1,1,1,4.28571428571429
1,4,1,1,1,1,1,1,1,1,1,4.9
1,4,1,1,1,1,1,1,1,1,1,5.375
1,4,1,1,1,1,1,1,1,1,1,3.85714285714286
1,4,1,1,1,1,1,1,1,1,1,3.71428571428571
1,4,1,1,1,1,1,1,1,1,1,4.3
1,4,1,1,1,1,1,1,1,1,1,5
1,4,1,1,1,1,1,1,1,1,1,3.27272727272727
1,4,1,1,1,1,1,1,1,1,1,4.88888888888889
1,4,0,1,1,1,1,1,1,0,1,5.5
1,4,1,1,1,1,1,1,1,1,1,4
1,4,1,1,1,1,1,1,1,1,1,3.55555555555556
1,4,1,1,1,1,1,1,1,1,1,5
1,4,1,1,1,1,1,1,1,1,1,4.11111111111111
1,4,0,1,1,1,1,1,1,1,1,3.44444444444444
1,4,1,1,1,1,1,1,1,1,1,3
1,4,1,1,1,1,1,1,1,1,1,4.625
1,4,1,1,1,1,1,1,1,1,1,3
1,4,1,1,1,1,1,1,1,1,1,4
1,4,1,1,1,1,1,1,1,1,1,4.25
1,4,1,1,1,1,1,1,1,1,0,3.77777777777778
1,4,0,1,0,1,1,1,1,1,1,5
1,4,1,1,1,1,1,1,1,1,1,4.55555555555556
1,4,1,1,1,1,1,1,1,1,1,3.5
1,4,1,1,1,1,1,1,1,1,1,4.4
1,4,1,1,1,1,1,1,1,1,1,4
1,4,1,1,1,1,1,1,1,1,1,4.33333333333333
1,4,1,1,1,1,1,1,1,1,1,3.5
1,4,1,1,1,1,1,1,1,1,1,4.375
1,4,1,1,1,1,1,1,1,0,1,3.11111111111111
1,4,1,1,1,1,1,1,1,1,1,4.375
1,4,1,1,1,1,1,1,1,1,1,4.33333333333333
1,4,1,1,1,1,1,1,1,1,1,4.33333333333333
1,4,0,1,1,1,1,1,1,0,1,2.25
1,4,1,1,1,1,0,1,1,1,1,4
1,4,1,1,1,1,1,1,1,1,1,3.54545454545455
1,4,1,1,1,1,1,1,1,1,1,3.55555555555556
1,4,1,1,1,1,1,1,1,1,1,4.11111111111111
1,4,1,1,1,1,1,1,1,1,1,4
1,4,1,1,1,1,1,1,1,1,1,3.75
1,4,1,0,1,1,1,1,1,0,1,3.42857142857143
1,4,0,1,1,1,1,1,1,1,1,4.125
1,4,1,1,1,1,1,1,1,1,1,4.09090909090909
1,4,1,0,0,1,1,1,1,0,1,2.5
1,4,1,1,1,1,1,1,1,1,1,4.4
1,4,1,1,1,1,1,1,1,1,1,4.875
1,4,1,1,0,0,1,1,1,0,1,3.71428571428571
1,4,1,1,1,1,1,1,1,1,1,2.25
1,4,1,1,1,1,1,1,1,1,1,4
1,4,1,1,1,1,1,1,1,1,1,3.5
1,4,1,1,1,1,1,1,1,1,1,4.77777777777778
1,4,1,1,1,1,1,1,1,1,1,2.625
1,4,1,1,1,1,1,1,1,1,1,4.88888888888889
1,4,1,1,1,1,1,1,1,1,1,3.88888888888889
1,4,1,1,1,1,1,1,1,1,1,4.75
1,4,1,1,1,1,1,1,1,1,1,3.57142857142857
1,4,1,1,1,1,1,1,1,1,1,4.14285714285714
1,4,0,0,1,1,0,1,1,0,1,3.7
1,4,1,0,1,1,0,1,1,0,1,4.125
1,4,1,1,1,1,1,1,1,1,1,3.77777777777778
1,4,1,1,1,1,1,1,1,1,1,3.75
1,4,1,0,1,1,1,1,1,0,1,2.57142857142857
1,4,1,1,1,1,1,1,1,1,1,4.875
1,4,1,1,1,1,1,1,1,1,1,2.42857142857143
1,4,1,1,0,1,1,1,1,1,1,4.77777777777778
1,4,1,1,1,1,1,1,1,1,1,3.33333333333333
1,4,1,1,1,1,1,1,1,1,1,3.5
1,4,1,1,1,1,1,1,1,1,1,5.25
1,4,1,1,1,1,1,1,1,1,1,3.85714285714286
1,4,1,1,1,1,1,1,1,1,1,5
1,4,1,1,1,1,1,1,1,1,1,3.75
1,4,1,1,1,1,1,1,1,1,1,2.33333333333333
1,4,1,1,0,1,1,0,1,1,1,4.33333333333333
1,4,1,1,1,1,1,1,1,1,1,4.125
1,4,1,0,0,1,1,1,1,1,1,5
1,4,1,1,0,1,1,1,1,1,1,4.25
1,4,1,1,1,1,1,1,1,1,1,4.25
1,4,1,1,1,1,1,1,1,1,1,4.8
1,4,1,1,1,1,1,1,1,1,1,4.875
1,4,1,1,1,1,1,1,1,1,1,4.11111111111111
1,4,0,1,1,1,1,0,1,0,1,3.75
1,4,1,0,1,1,0,0,1,0,0,4.125
1,4,0,1,0,1,1,1,1,0,1,5.33333333333333
1,4,1,1,1,1,1,1,1,1,1,4.22222222222222
1,4,1,1,1,1,1,1,1,1,1,5
1,4,1,1,1,1,1,1,1,1,1,4.77777777777778
1,4,0,1,1,1,1,1,1,1,1,4
1,4,1,0,1,1,0,1,1,0,1,2.83333333333333
1,4,1,1,1,1,1,1,1,1,1,4
1,4,1,1,1,1,1,1,1,1,1,4.875
1,4,0,1,1,1,1,1,1,0,0,3.71428571428571
1,4,1,1,1,1,1,1,1,1,1,4.88888888888889
1,4,0,1,1,1,1,1,1,1,1,3.71428571428571
1,4,1,1,1,1,1,1,1,1,1,4.11111111111111
1,4,1,1,1,1,1,1,1,1,1,4.22222222222222
1,4,1,1,1,1,1,1,1,1,1,4.875
1,4,1,1,1,1,1,1,1,1,1,3.85714285714286
1,4,0,1,1,1,1,1,1,1,1,3.88888888888889
1,4,1,1,1,1,1,1,1,1,1,4.875
1,4,1,1,1,1,1,1,1,1,1,3.375
1,4,1,1,1,1,1,1,1,1,1,4.42857142857143
1,4,1,1,1,1,1,1,1,1,1,4.25
1,4,1,1,1,1,1,1,1,1,1,4.625
1,4,1,1,1,1,1,1,1,1,1,4.75
1,4,1,1,1,1,1,1,1,0,1,4.8
1,4,0,0,1,0,1,0,1,0,0,2.57142857142857
1,4,1,1,1,1,1,1,1,0,1,3.66666666666667
1,4,1,1,1,1,1,1,1,1,1,2.75
1,4,1,0,0,0,0,1,1,0,0,3
1,4,1,1,1,1,1,1,1,1,1,4.125
1,4,0,1,1,1,1,1,1,0,0,4.22222222222222
1,4,1,1,1,1,1,1,1,1,1,4.8
1,4,1,1,1,1,1,1,1,1,1,2.42857142857143
1,4,1,1,1,1,1,1,1,1,1,4.22222222222222
1,4,1,1,1,1,1,1,1,1,1,4.125
1,4,1,1,1,1,1,1,1,1,1,2.8
1,4,1,1,1,1,1,1,1,1,1,3.77777777777778
1,4,1,1,1,1,1,1,1,1,1,3.44444444444444
1,4,1,1,1,1,1,1,1,1,1,3.75
1,4,0,0,1,1,1,1,1,0,1,2.66666666666667
1,4,1,1,1,1,1,1,1,1,1,4.14285714285714
1,4,1,1,1,1,1,1,1,1,1,2.875
1,4,0,0,1,0,0,0,0,1,1,2.83333333333333
1,4,1,1,1,1,1,1,1,1,1,4.55555555555556
1,4,1,1,1,1,1,1,1,1,1,3.57142857142857
1,4,1,1,1,1,1,1,1,1,1,4.125
1,4,1,1,1,1,1,1,1,1,1,3.625
1,4,1,1,1,1,1,1,1,1,1,3.22222222222222
1,4,1,1,1,1,1,1,1,1,1,4.42857142857143
1,4,1,1,1,1,1,1,1,0,1,4.11111111111111
1,4,1,1,1,1,1,1,1,1,1,4.375
1,4,1,1,1,1,1,1,1,1,1,4.125
1,4,1,1,1,1,1,1,1,0,1,4.125
1,4,1,1,1,1,1,1,1,1,1,4.5
1,4,1,1,1,1,1,1,1,1,1,4.44444444444444
1,4,1,1,1,1,1,1,1,0,1,5
1,4,1,1,1,1,1,1,1,1,1,4.25
1,4,1,1,1,1,1,1,1,1,1,4.44444444444444
1,4,1,1,1,1,1,0,1,1,1,3.5
1,4,1,1,1,1,1,1,1,1,1,2.90909090909091
1,4,1,1,1,1,1,1,1,1,1,4.5
1,4,0,1,1,1,1,0,1,0,0,3.375
1,4,1,1,1,1,1,1,1,0,1,4.57142857142857
1,4,1,1,1,1,1,1,1,1,1,2.625
1,4,1,1,1,1,1,1,1,1,1,4.5
1,4,1,1,1,1,1,1,1,1,1,4.5
1,4,1,1,1,1,1,1,1,1,1,4.875
1,4,1,1,1,1,1,1,1,1,1,3.44444444444444
1,4,0,1,1,1,1,1,1,0,1,4.55555555555556
1,4,1,1,1,1,1,1,1,1,1,3.625
1,4,1,0,1,1,1,1,1,1,1,2.28571428571429
1,4,1,1,1,1,1,1,1,1,1,4.5
1,4,1,1,1,1,1,1,1,1,1,5.125
1,4,1,1,1,1,1,1,1,1,1,3
1,4,1,1,1,1,1,1,1,1,1,3.6
1,4,1,1,1,0,0,1,1,0,1,4.375
1,4,1,1,1,1,1,1,1,1,1,3.375
1,4,1,1,1,1,1,1,1,1,1,2.25
1,4,1,1,1,1,1,0,0,1,0,4.1
1,4,0,0,1,0,0,0,0,0,0,3.375
1,4,1,1,1,1,1,1,1,1,0,5.125
1,4,1,1,1,1,1,1,1,1,1,4.75
1,4,1,1,1,1,1,0,1,1,1,3.375
1,4,1,1,1,1,1,1,1,1,1,4.57142857142857
1,4,1,1,1,1,1,1,1,1,1,4.75
1,4,1,1,1,1,1,1,1,1,1,5.25
1,4,1,1,1,1,1,1,1,1,1,4.8
1,4,1,1,1,1,1,1,1,1,1,4.22222222222222
1,4,1,1,1,1,1,1,1,1,1,4.125
1,4,1,1,1,1,1,1,1,1,1,5
1,4,1,1,1,1,1,1,1,1,1,4.33333333333333
1,4,1,1,1,1,1,1,1,1,1,3.4
1,4,1,1,1,1,1,1,1,1,1,3.88888888888889
1,4,1,1,1,1,1,1,1,1,1,4.625
1,4,1,1,1,1,1,1,1,1,1,3.85714285714286
1,4,1,1,1,1,1,1,1,1,1,4.44444444444444
1,4,1,1,1,1,1,1,1,1,1,4.66666666666667
1,4,1,1,1,1,1,1,1,1,1,3.75
1,4,1,1,1,1,1,1,1,1,1,3.42857142857143
1,4,1,1,1,1,1,1,1,1,1,4.11111111111111
1,4,1,0,1,1,0,1,1,0,0,3.44444444444444
1,4,1,1,1,1,1,1,1,1,1,5
1,4,1,1,1,1,1,1,1,1,1,4.8
1,4,1,1,1,1,1,1,1,1,1,2.875
1,4,1,1,1,1,1,1,1,1,1,3.88888888888889
1,4,1,1,1,1,1,1,1,1,1,4.75
1,4,1,1,1,1,1,1,1,1,1,4.875
1,4,1,1,1,1,1,1,1,1,1,4.5
1,4,1,1,1,1,1,1,1,1,1,5
1,4,1,1,1,1,1,1,1,1,1,4.57142857142857
1,4,1,1,1,1,1,1,1,1,1,4.875
1,4,1,1,1,1,1,1,1,1,1,4.875
1,4,1,1,1,1,1,1,1,1,1,4.44444444444444
1,4,1,1,1,1,1,1,1,1,1,3.71428571428571
1,4,1,1,1,1,1,1,1,1,1,3.77777777777778
1,4,1,1,1,1,1,1,1,1,1,4.44444444444444
1,4,1,1,1,1,1,1,1,1,1,4.625
1,4,1,1,1,1,0,1,1,1,1,2.42857142857143
1,4,1,1,1,1,1,1,1,1,1,3.22222222222222
1,4,1,1,1,1,1,1,1,1,1,4.72727272727273
1,4,1,1,1,1,1,1,1,1,1,4.75
1,4,1,1,1,1,1,1,1,1,1,4
1,4,1,1,1,1,1,1,1,1,1,4
1,4,1,1,1,1,1,1,1,1,1,5.22222222222222
1,4,1,1,1,1,1,1,1,1,1,3.5
1,4,1,1,1,1,1,1,1,1,1,4
1,4,0,1,1,1,1,1,1,0,0,3.5
1,4,1,1,1,1,1,1,1,1,1,4.22222222222222
1,4,1,1,1,1,1,0,1,0,1,4.125
1,4,1,1,1,1,1,1,1,1,1,4.75
1,4,1,1,1,1,1,1,1,0,1,4.1
1,4,1,1,1,1,1,1,1,0,0,2.85714285714286
1,4,1,1,1,1,1,1,1,1,1,4.625
1,4,1,1,1,1,1,1,1,1,1,3.42857142857143
1,4,1,1,1,1,1,1,1,1,1,4.44444444444444
1,4,1,1,1,1,1,1,1,1,1,4.66666666666667
1,4,1,1,1,1,1,1,1,1,0,4
1,4,0,0,1,0,1,0,1,0,1,3.57142857142857
1,4,1,1,1,1,1,1,1,1,1,3.42857142857143
1,4,1,1,1,1,1,1,1,1,1,4.14285714285714
1,4,1,1,1,1,1,1,1,1,1,4.875
1,4,1,1,1,1,1,1,1,1,1,4.28571428571429
1,4,1,1,1,1,1,1,1,1,1,3.875
1,4,1,1,1,1,1,1,1,1,1,5.625
1,4,1,1,1,1,1,1,1,1,1,3.44444444444444
1,4,1,1,1,1,1,1,1,1,1,4
1,4,0,0,1,1,1,1,1,0,0,3.42857142857143
1,4,1,1,1,1,1,1,1,1,1,3.5
1,4,1,1,1,1,1,1,1,1,1,3.375
1,4,1,1,1,1,1,1,1,1,1,4.5
1,4,1,1,1,1,1,1,1,1,1,4.16666666666667
1,4,1,1,1,1,1,1,1,1,1,5.25
1,4,1,1,1,1,1,1,1,1,1,3.25
1,4,1,1,1,1,1,1,1,1,1,4.875
1,4,1,1,1,1,1,1,1,1,1,4.875
1,4,1,1,1,1,1,1,1,1,1,4.625
1,4,1,1,1,1,1,1,1,1,1,4.88888888888889
1,4,1,1,1,1,1,1,1,0,1,4.8
1,4,1,1,1,1,1,1,1,1,1,3.71428571428571
1,4,1,1,1,1,1,1,1,1,1,4.5
1,4,1,1,1,1,1,1,1,1,1,3.57142857142857
1,4,1,1,1,1,1,1,1,1,1,4.75
1,4,1,1,1,1,1,1,1,1,1,4.45454545454545
1,4,1,1,1,1,1,1,1,1,1,4.5
1,4,1,1,1,1,1,1,1,1,1,2.75
1,4,1,1,1,1,1,1,1,1,1,4.5
1,4,1,1,1,1,1,1,1,1,1,3.90909090909091
1,4,1,1,1,1,1,1,1,1,1,4.88888888888889
1,4,1,1,1,1,1,1,1,1,0,3.33333333333333
1,4,0,1,1,1,1,1,1,1,1,5.33333333333333
1,4,1,1,1,1,1,1,1,1,1,4.77777777777778
1,4,0,1,0,1,1,1,1,0,1,3.22222222222222
1,4,0,1,1,1,1,1,1,1,1,4.6
1,4,1,1,1,1,1,1,1,1,1,3.42857142857143
1,4,1,1,1,1,1,1,1,1,1,4.85714285714286
1,4,1,1,1,1,1,1,1,1,1,3.5
1,4,1,1,1,1,1,1,1,1,1,5.55555555555556
1,4,1,1,1,1,1,1,1,1,1,5.28571428571429
1,4,1,1,1,1,1,1,1,1,1,3.5
1,4,1,1,1,1,1,1,1,0,1,3.33333333333333
1,4,1,1,1,1,1,1,1,1,1,3.54545454545455
1,4,1,1,1,1,1,1,1,1,1,4.125
1,4,1,1,1,1,1,0,1,0,1,3.33333333333333
1,4,1,1,1,1,1,1,1,1,1,4.11111111111111
1,4,1,1,1,1,1,1,1,1,1,5.125
1,4,1,1,1,1,1,1,1,1,1,3.66666666666667
1,4,1,1,1,1,0,1,1,1,1,3.44444444444444
1,4,1,1,1,1,1,1,1,1,1,3.5
1,4,1,1,1,1,1,1,1,1,1,5
1,4,1,1,1,1,1,1,1,1,1,4
1,4,1,1,1,1,1,1,1,1,1,4.25
1,4,1,1,1,1,1,1,1,1,1,3.22222222222222
1,4,1,1,1,1,1,1,1,1,1,4.2
1,4,1,1,1,1,1,1,1,1,1,4.5
1,4,1,1,1,1,1,1,1,1,1,3.5
1,4,1,1,1,1,1,1,1,1,1,5.11111111111111
1,4,1,1,1,1,1,0,1,0,1,5
1,4,1,1,1,1,1,1,1,1,1,3.57142857142857
1,4,1,1,1,1,1,1,1,1,1,3
1,4,1,1,1,1,1,1,1,1,1,4.55555555555556
1,4,1,1,1,1,1,1,1,1,1,5.2
1,4,0,1,1,1,1,1,1,0,1,4
1,4,1,1,1,1,1,1,1,0,1,3.38461538461538
1,4,1,1,1,1,1,1,1,1,1,4.44444444444444
1,4,1,0,1,1,0,0,1,0,1,3.25
1,4,1,1,1,1,1,1,1,1,1,5
1,4,1,1,1,1,1,1,1,1,1,2.25
1,4,1,1,1,1,1,1,1,0,1,3.66666666666667
1,4,1,1,1,1,1,1,1,1,1,3.875
1,4,0,1,1,1,1,1,1,1,1,5
1,4,1,1,1,1,1,1,1,1,1,4.11111111111111
1,4,1,1,1,1,1,1,1,1,1,3.375
1,4,1,1,1,1,1,0,1,0,1,3.57142857142857
1,4,1,1,1,1,1,1,1,1,1,4.25
1,4,1,1,1,1,1,1,1,1,1,4.66666666666667
1,4,1,1,1,1,1,1,1,1,1,3.625
1,4,1,1,1,1,1,1,1,1,1,4.5
0,2,1,0,1,1,0,1,1,1,1,4.33333333333333
0,2,1,1,1,1,1,1,1,1,1,3.88888888888889
0,2,1,1,1,1,1,1,1,0,1,3.88888888888889
0,2,1,1,1,1,1,1,1,1,1,4.11111111111111
0,2,1,1,1,1,1,1,1,1,1,4.22222222222222
0,2,1,1,1,1,1,1,1,0,1,4.77777777777778
0,2,0,0,1,1,1,1,1,0,1,3.33333333333333
0,2,0,1,0,1,1,1,1,0,0,2.66666666666667
0,2,1,1,1,1,1,1,1,0,1,4.5
0,2,1,1,1,1,1,1,1,0,1,4.22222222222222
0,2,1,1,1,1,1,1,1,1,1,2.22222222222222
0,2,1,1,1,1,1,1,1,1,1,3.44444444444444
0,2,1,1,1,1,1,1,1,1,1,3.66666666666667
0,2,1,1,1,1,1,1,1,1,1,3.88888888888889
0,2,1,1,1,1,1,1,1,1,1,4.66666666666667
0,2,1,1,1,1,1,1,1,1,1,3.33333333333333
0,2,1,1,1,1,1,1,1,1,1,3.5
0,2,0,0,0,0,0,0,1,0,0,4.14285714285714
0,2,1,1,1,1,1,1,1,1,1,2.375
0,2,0,0,0,0,1,0,0,0,0,3.44444444444444
0,2,1,1,1,1,0,1,1,1,0,4.44444444444444
0,2,0,0,1,0,0,1,1,0,1,2.77777777777778
0,2,1,1,1,1,1,1,1,1,1,4.55555555555556
0,2,1,1,1,1,1,1,1,0,1,3.77777777777778
0,2,1,1,1,1,1,1,1,1,1,4.3
0,2,1,1,1,1,1,1,1,0,1,3
0,2,0,0,0,0,0,0,1,0,0,3.88888888888889
0,2,1,1,0,1,1,1,1,1,1,4.77777777777778
0,2,0,0,0,0,0,0,1,0,1,3.44444444444444
0,2,1,1,1,1,1,1,1,1,1,3.5
0,2,1,1,1,1,1,1,1,1,1,4
0,2,1,1,1,1,1,1,1,1,1,4.22222222222222
0,2,1,1,1,1,1,1,1,0,1,3.77777777777778
0,2,1,1,1,1,1,1,0,0,1,3.88888888888889
0,2,1,1,1,1,1,1,1,0,1,2.77777777777778
0,2,1,1,1,1,1,1,1,1,1,3.22222222222222
0,2,1,0,0,1,0,0,0,1,0,3.22222222222222
0,2,1,1,1,1,1,1,1,1,1,5.44444444444444
0,2,1,1,1,1,1,1,1,1,1,3.66666666666667
0,2,0,0,1,0,1,1,1,0,1,3.66666666666667
0,2,1,1,1,1,1,1,1,1,1,4.66666666666667
0,2,0,1,0,0,1,0,0,0,0,4.33333333333333
0,2,1,1,1,1,1,1,1,1,1,4.66666666666667
0,2,1,0,1,1,0,0,1,1,1,4.55555555555556
0,2,0,0,1,1,1,1,1,0,1,3.22222222222222
0,2,1,1,1,0,1,0,0,0,1,3.77777777777778
0,2,1,1,1,1,1,1,1,1,1,4.7
0,2,0,0,1,1,1,1,1,0,1,4
0,2,1,0,0,0,0,0,0,0,0,3.77777777777778
0,2,1,1,1,1,1,1,1,0,1,4.55555555555556
0,2,0,0,0,0,1,0,1,0,1,3.22222222222222
0,2,0,1,0,1,0,1,1,1,1,3.88888888888889
0,2,0,1,1,1,1,0,1,1,1,4
0,2,1,1,1,1,1,0,1,1,1,3.22222222222222
0,2,1,1,1,1,1,1,1,1,1,3.77777777777778
0,2,1,1,1,1,1,1,1,0,1,3.22222222222222
0,2,1,1,1,1,1,1,1,1,1,4.55555555555556
0,2,1,1,1,1,1,1,1,1,1,3.11111111111111
0,2,1,1,1,1,1,1,1,1,1,4.2
0,2,1,1,1,1,1,1,1,1,1,5.55555555555556
0,2,1,1,1,1,1,1,1,1,1,3.77777777777778
0,2,1,1,1,1,1,1,1,1,1,5.33333333333333
0,2,1,0,0,1,1,1,1,0,0,4.22222222222222
0,2,1,0,1,0,0,1,1,0,1,4.33333333333333
0,2,1,1,1,1,1,1,1,1,1,4
0,2,0,0,1,1,0,1,1,0,0,4.11111111111111
0,2,1,1,1,1,1,1,1,1,1,2.66666666666667
0,2,1,1,1,1,1,1,1,1,1,4.125
0,2,1,1,1,1,1,1,1,1,1,3.66666666666667
0,2,1,1,1,1,1,1,1,1,1,4.44444444444444
0,2,1,1,1,1,1,1,1,1,1,3.88888888888889
0,2,0,1,1,1,1,1,1,0,1,2.88888888888889
0,2,1,1,1,1,1,1,1,1,1,3.55555555555556
0,2,1,1,1,1,1,1,1,0,1,5.44444444444444
0,2,1,1,1,1,1,1,1,1,1,4.55555555555556
0,2,1,1,1,1,1,1,1,1,1,4.33333333333333
0,2,1,1,1,1,1,1,1,1,1,4.66666666666667
0,2,1,1,1,1,1,1,1,1,1,3.66666666666667
0,2,1,1,1,1,1,1,1,0,0,3.55555555555556
0,2,1,1,1,1,1,1,1,1,1,3.55555555555556
0,2,1,1,1,1,1,1,1,1,1,4.77777777777778
0,2,1,1,1,1,1,1,1,1,0,2.55555555555556
0,2,0,1,1,1,0,1,1,1,0,3.11111111111111
0,2,1,1,1,1,1,0,1,1,1,4.11111111111111
0,2,1,1,1,1,1,1,1,1,1,4.77777777777778
0,2,0,1,1,1,1,1,1,0,1,4.22222222222222
0,2,1,1,1,1,1,1,1,1,1,4.11111111111111
0,2,1,1,1,1,1,1,1,1,0,3.33333333333333
0,2,1,1,1,1,1,1,1,1,1,5
0,2,1,1,1,1,1,1,1,1,1,3.88888888888889
0,2,1,1,1,1,1,1,1,1,1,4.88888888888889
0,2,1,1,1,0,0,1,1,0,1,4.55555555555556
0,2,1,1,0,1,1,1,1,0,1,4.88888888888889
0,2,1,1,0,1,1,1,1,0,0,3.66666666666667
0,2,1,1,1,1,1,1,1,1,1,3.77777777777778
0,2,1,1,1,1,1,1,1,1,1,4.66666666666667
0,2,1,1,1,1,1,1,1,1,1,4.44444444444444
0,2,0,0,0,1,0,1,0,0,0,3.66666666666667
0,2,1,1,1,1,1,1,1,1,1,3.8
0,2,1,1,1,1,1,1,1,0,1,5.25
0,2,1,1,1,1,1,1,1,1,1,3.33333333333333
0,2,1,1,1,1,1,1,1,1,1,3.11111111111111
0,2,1,1,1,1,1,1,1,0,1,4.66666666666667
0,2,1,1,1,1,1,1,1,1,1,3
0,2,1,0,0,1,1,1,1,0,1,4.22222222222222
0,2,1,1,1,1,1,1,1,1,1,4.33333333333333
0,2,1,1,1,1,1,1,1,1,1,4.33333333333333
0,2,1,1,1,1,1,1,1,1,1,4.33333333333333
0,2,1,1,1,1,1,1,1,0,1,3.88888888888889
0,2,1,1,1,1,1,1,1,0,1,3.88888888888889
0,2,0,1,1,0,1,1,1,0,1,3.33333333333333
0,2,1,1,1,1,1,1,1,1,1,3.66666666666667
0,2,1,1,1,1,1,1,1,1,1,4.22222222222222
0,2,1,1,1,1,1,1,1,1,1,4.66666666666667
0,2,1,1,1,1,1,1,1,0,1,1.875
0,2,1,1,1,1,1,1,1,1,1,3.77777777777778
0,2,0,1,1,1,1,1,1,1,0,4.11111111111111
0,2,1,1,1,1,1,1,1,0,1,3.55555555555556
0,2,1,1,0,1,1,1,1,0,0,4.55555555555556
0,2,1,1,1,1,1,1,1,1,1,3.22222222222222
0,2,1,1,1,1,1,1,1,1,1,4
0,2,1,1,1,1,1,1,1,0,0,4.11111111111111
0,2,1,1,1,1,1,1,1,1,1,4.44444444444444
0,2,1,1,1,1,0,0,1,0,1,3.22222222222222
0,2,1,1,1,1,1,1,1,0,1,4
0,2,1,1,1,1,1,1,1,1,1,4.33333333333333
0,2,1,1,1,1,1,1,1,1,1,3.88888888888889
0,2,1,1,1,1,1,1,1,1,1,4.22222222222222
0,2,0,1,1,1,1,1,1,0,1,3.125
0,2,1,1,1,1,1,1,1,1,1,4.55555555555556
0,2,1,1,1,1,1,1,1,1,1,3.66666666666667
0,2,0,0,1,1,1,1,0,0,0,4.77777777777778
0,2,1,1,1,1,1,1,1,1,1,3.55555555555556
0,2,1,1,1,1,1,1,1,1,1,3.77777777777778
0,2,1,1,1,1,1,1,1,1,1,3.88888888888889
0,2,1,1,1,1,1,1,1,1,1,3.9
0,2,1,1,1,1,1,1,1,1,1,5
0,2,1,1,1,1,1,1,1,1,1,3.88888888888889
0,2,1,0,1,1,1,1,1,0,1,2.88888888888889
0,2,1,1,1,1,1,1,1,1,1,3.4
0,2,1,1,1,1,1,1,1,1,1,5.5
0,2,1,1,1,1,1,1,1,1,1,4.11111111111111
0,2,0,0,0,0,0,0,0,0,0,4.11111111111111
0,2,0,0,1,1,1,1,0,0,0,3.88888888888889
0,2,1,1,1,1,1,1,1,1,1,5.11111111111111
0,2,1,1,1,1,1,1,1,1,1,4.77777777777778
0,2,0,0,0,0,0,0,0,0,0,3
0,2,1,0,1,1,1,1,1,0,1,4.22222222222222
0,2,1,1,1,1,1,1,1,1,1,4.55555555555556
0,2,1,1,1,1,1,1,1,1,1,3.55555555555556
0,2,1,1,1,1,1,1,1,1,1,2.88888888888889
0,2,1,0,1,1,0,0,0,0,0,3.66666666666667
0,2,1,1,1,1,1,1,1,1,1,4.4
0,2,1,1,1,1,1,1,1,1,1,3.77777777777778
0,2,1,1,1,1,1,1,1,1,1,3.66666666666667
0,2,1,1,1,1,1,1,1,1,1,4.22222222222222
0,2,1,1,1,1,1,1,1,1,1,3.55555555555556
0,2,1,1,0,1,0,0,1,1,1,4
0,2,1,1,1,1,1,1,1,1,1,4.55555555555556
0,2,1,1,1,1,1,1,1,1,1,5
0,2,1,1,1,1,1,1,1,0,0,3.77777777777778
0,2,0,1,1,1,1,1,1,1,0,4.3
0,2,1,1,1,1,1,1,1,1,1,3.44444444444444
0,2,1,1,1,1,1,1,1,1,1,3.88888888888889
0,2,1,1,1,1,1,1,1,0,1,3.44444444444444
0,2,1,1,1,1,1,1,1,0,1,4.2
0,2,1,1,1,1,1,1,1,0,1,4.44444444444444
0,2,1,1,1,1,1,1,1,1,1,4.44444444444444
0,2,1,1,1,1,1,1,1,1,1,3.5
0,2,0,1,1,1,1,0,1,1,1,3.88888888888889
0,2,1,1,1,1,1,1,1,1,1,3.55555555555556
0,2,1,1,1,1,1,1,1,1,1,3.7
0,2,1,1,0,1,1,1,1,0,0,3.11111111111111
0,2,1,0,0,1,1,1,1,0,1,3
0,2,1,1,1,1,1,1,1,1,1,3.77777777777778
0,2,1,1,1,1,1,1,1,1,1,5.11111111111111
0,2,1,1,1,1,1,1,1,1,1,3.55555555555556
0,2,1,1,1,1,1,1,1,1,1,3.6
0,2,1,1,1,1,1,1,1,1,1,4.44444444444444
0,2,1,1,0,1,1,1,1,0,1,2.44444444444444
0,2,1,1,1,1,1,1,1,1,1,4.6
0,2,1,1,1,1,1,1,1,1,1,5.55555555555556
0,2,1,1,1,1,1,1,1,1,1,5
0,2,1,1,1,1,1,1,1,1,1,3.88888888888889
0,2,1,1,1,1,1,1,1,1,1,4.55555555555556
0,2,1,1,1,1,1,1,1,1,1,4.33333333333333
0,2,1,1,1,1,1,1,1,1,1,2.625
0,2,0,0,1,0,0,0,0,0,0,3.44444444444444
0,2,1,1,1,1,1,1,1,0,0,3.88888888888889
0,2,1,1,1,1,1,1,1,1,1,4.44444444444444
0,2,1,1,1,1,1,1,1,0,0,4.88888888888889
0,2,0,1,1,1,1,1,1,0,0,4.66666666666667
0,2,1,1,1,1,1,1,1,0,1,3.7
0,2,1,1,1,1,1,1,1,0,1,3.44444444444444
0,2,1,0,0,0,0,0,0,0,0,4.11111111111111
0,2,1,1,1,1,1,1,1,0,1,4.55555555555556
0,2,1,1,1,1,1,1,1,0,0,2.88888888888889
0,2,1,1,1,1,1,1,1,1,1,4
0,2,1,1,1,1,1,1,1,1,1,5.11111111111111
0,2,1,1,1,1,1,1,1,1,1,4.22222222222222
0,2,1,1,1,1,1,1,1,1,1,3.88888888888889
0,2,1,1,1,1,1,1,1,0,1,3
0,2,1,0,1,1,1,1,1,0,1,3.55555555555556
0,2,0,0,1,1,1,0,1,0,1,2.55555555555556
0,2,1,1,1,1,0,1,1,0,1,2.125
0,2,1,1,1,1,1,1,1,1,1,4
0,2,1,1,0,1,1,1,1,1,1,5.22222222222222
0,2,1,1,1,1,1,1,1,1,1,4.77777777777778
0,2,1,1,1,1,1,1,1,1,1,3.44444444444444
0,2,1,1,1,1,1,1,1,1,1,4.77777777777778
0,2,1,1,1,1,0,0,1,0,0,4.125
0,2,1,0,0,0,0,0,0,0,0,3.66666666666667
0,2,1,1,1,1,1,1,1,0,1,4.44444444444444
0,2,1,0,0,1,0,0,1,0,0,3.66666666666667
0,2,1,1,1,1,1,1,1,1,1,4.11111111111111
0,2,0,0,0,1,1,1,1,0,1,4.71428571428571
0,2,1,1,1,1,1,1,1,1,0,4.11111111111111
0,2,1,1,1,1,1,1,1,1,1,3.22222222222222
0,2,1,1,1,1,1,1,1,1,1,4.375
0,2,0,0,0,0,0,0,0,0,0,3.44444444444444
0,2,1,1,1,1,1,1,1,0,1,3.11111111111111
0,2,0,1,1,1,1,1,1,1,1,4
0,2,1,0,0,0,0,0,0,0,1,3.77777777777778
0,2,1,1,1,1,0,1,1,0,1,3.9
0,2,0,1,0,1,0,1,1,0,0,4
0,2,0,1,1,1,1,0,1,1,1,3.44444444444444
0,2,1,1,1,1,1,1,1,0,1,3.375
0,2,1,1,1,1,1,1,1,1,1,3.66666666666667
0,2,1,1,1,1,1,1,1,1,1,4.11111111111111
0,2,1,1,1,1,1,1,1,1,1,4.22222222222222
0,2,1,1,1,1,1,1,1,1,1,3.3
0,2,1,1,1,1,1,1,1,1,1,4.55555555555556
0,2,1,1,1,1,1,1,1,1,1,4.25
0,2,1,1,1,1,1,1,1,1,1,4.11111111111111
0,2,1,1,1,1,1,1,1,1,1,4.22222222222222
0,2,1,0,1,1,0,0,1,0,0,3.5
0,2,1,1,0,1,1,0,1,0,1,4.44444444444444
0,2,0,1,1,1,1,1,1,1,1,4.55555555555556
0,2,1,0,0,0,0,0,1,0,0,5.22222222222222
0,2,1,1,1,1,1,0,1,0,1,4.66666666666667
0,2,1,1,1,1,1,1,1,1,1,3.33333333333333
0,2,1,1,1,1,1,1,1,1,1,3.66666666666667
0,2,1,1,1,1,1,1,1,1,1,4.33333333333333
0,2,1,1,1,1,1,1,1,1,1,5.66666666666667
0,2,1,0,0,1,1,1,0,1,0,3.6
0,2,1,1,1,1,1,1,1,1,1,3.66666666666667
0,2,1,0,1,1,1,0,1,0,0,4
0,2,1,1,1,1,1,1,1,0,1,3.875
0,2,0,0,0,1,1,1,0,0,1,2.66666666666667
0,2,1,1,1,1,1,1,1,1,1,4
0,2,1,1,0,1,0,1,1,0,0,4.55555555555556
0,2,1,0,0,1,0,1,1,0,1,4.55555555555556
0,2,0,1,1,1,1,1,1,0,1,4.44444444444444
0,2,1,0,1,1,1,1,1,0,1,3.25
0,2,1,1,1,1,1,1,1,1,1,4.44444444444444
0,2,1,1,0,1,1,1,0,0,0,3.44444444444444
0,2,1,1,1,1,1,1,1,0,1,3.9
0,2,0,1,1,0,1,0,1,0,1,3.44444444444444
0,2,0,0,1,1,0,1,1,0,1,3.33333333333333
0,2,1,1,1,1,1,1,1,1,1,2.66666666666667
0,2,1,1,1,1,1,1,1,0,1,4.11111111111111
0,2,1,1,1,1,1,1,1,1,1,5.11111111111111
0,2,1,1,1,1,1,1,1,1,1,3.88888888888889
0,2,1,1,1,1,1,1,1,1,1,4.77777777777778
0,2,1,1,1,1,1,1,0,0,0,3.88888888888889
0,2,1,1,1,1,1,1,1,1,1,3.55555555555556
0,2,1,1,1,1,1,1,1,1,1,3.66666666666667
0,2,0,0,0,0,1,0,0,0,1,2.33333333333333
0,2,1,1,1,1,1,1,1,1,1,5.11111111111111
0,2,1,1,1,1,1,1,1,1,1,3.22222222222222
0,2,1,1,1,1,1,1,1,1,1,4.11111111111111
0,2,1,0,0,0,0,0,1,0,1,3.44444444444444
0,2,1,1,1,1,1,1,1,1,1,4.22222222222222
0,2,1,1,1,1,1,1,1,1,1,4.33333333333333
0,2,1,1,1,1,1,1,1,1,1,4.22222222222222
0,2,1,1,1,1,1,1,1,1,1,3.7
0,2,1,1,1,1,1,1,1,1,1,5.44444444444444
0,2,0,0,0,0,0,0,1,0,0,3
0,2,1,1,1,1,1,1,1,1,1,4.55555555555556
0,2,1,1,1,1,1,1,1,1,1,3.22222222222222
0,2,1,1,1,1,1,1,1,1,0,3
0,2,1,1,1,1,1,1,1,0,1,3.55555555555556
0,2,1,0,0,0,0,1,1,0,1,2.33333333333333
0,2,1,1,0,1,1,1,1,1,1,3.77777777777778
0,2,1,1,1,1,1,1,1,0,1,3.625
0,2,1,1,1,1,1,1,1,0,0,5
0,2,1,0,1,1,1,1,1,0,1,3.66666666666667
0,2,1,1,1,1,1,1,1,0,1,4.88888888888889
0,2,0,0,0,0,0,0,1,0,1,3.22222222222222
0,2,1,1,1,1,1,1,1,0,1,4.88888888888889
0,2,1,1,1,1,1,1,1,1,1,4.88888888888889
0,2,1,1,1,1,1,1,1,1,1,3.33333333333333
0,2,0,1,1,1,1,1,1,1,1,4.25
0,2,1,1,0,1,1,1,1,0,1,3.11111111111111
0,2,1,1,1,1,1,1,1,1,1,5.22222222222222
0,2,0,1,1,1,1,1,1,1,1,3.44444444444444
0,2,1,1,1,1,1,1,1,1,0,3.125
0,2,1,1,1,1,1,1,1,1,1,4.88888888888889
0,2,0,1,1,1,1,1,1,1,1,3.55555555555556
0,2,1,1,1,1,1,1,1,1,1,4.22222222222222
0,2,1,0,0,0,0,0,1,0,1,4.22222222222222
0,2,1,1,1,1,1,1,1,1,1,4
0,2,1,1,1,1,1,1,1,1,1,3.33333333333333
0,2,1,0,1,1,1,1,1,0,1,3.66666666666667
0,2,1,1,1,1,1,1,1,1,1,4.33333333333333
0,2,1,0,0,1,1,1,1,0,1,3.11111111111111
0,2,1,0,0,1,1,1,1,0,1,3.28571428571429
0,2,1,1,1,1,1,1,1,1,1,4.33333333333333
0,2,1,1,1,1,1,1,1,0,0,3.66666666666667
0,2,1,1,1,1,1,1,1,1,1,4.66666666666667
0,2,1,1,1,1,1,1,1,1,1,4.33333333333333
0,2,0,1,1,1,1,1,1,1,1,4.88888888888889
0,2,1,1,1,1,1,1,1,1,1,4.66666666666667
0,2,1,1,1,1,1,1,1,1,1,4.55555555555556
0,2,1,1,1,1,1,1,1,1,1,3.88888888888889
0,2,1,1,1,1,1,1,1,1,1,4.22222222222222
0,2,1,1,1,1,1,1,1,1,1,4.11111111111111
0,2,1,0,1,1,1,1,1,0,1,5
0,2,0,0,1,0,0,0,1,0,1,4.66666666666667
0,2,1,1,1,1,1,1,1,1,1,4.66666666666667
0,2,1,1,1,1,1,1,1,1,1,3.55555555555556
0,2,1,1,1,1,1,1,1,1,1,4.66666666666667
0,2,1,1,1,1,1,1,1,1,1,3
0,2,1,1,1,1,1,1,1,1,1,2.14285714285714
0,2,1,1,1,1,1,1,1,0,0,3.22222222222222
0,2,1,1,1,1,1,1,1,1,1,3.6
0,2,1,0,1,0,0,1,0,0,0,3.88888888888889
0,2,1,0,0,0,0,1,1,0,0,2.88888888888889
0,2,1,1,1,1,1,1,1,1,1,3.22222222222222
0,2,1,1,1,1,1,1,1,0,1,4
0,2,1,1,1,1,0,1,1,1,1,3.77777777777778
0,2,1,1,1,1,1,1,1,1,1,4.22222222222222
0,2,1,1,1,1,1,1,1,1,1,4.22222222222222
0,2,1,1,1,1,1,1,1,0,1,4
0,2,1,1,1,1,1,1,1,1,0,4.66666666666667
0,2,1,1,1,1,1,1,1,1,1,3.66666666666667
0,2,1,1,1,1,1,1,1,1,1,4.55555555555556
0,2,1,1,1,1,1,1,1,1,1,4.22222222222222
0,2,1,1,1,1,1,1,1,1,1,4.44444444444444
0,2,1,0,0,0,1,1,1,1,1,3.33333333333333
0,2,1,1,1,1,1,1,1,1,1,4
0,2,1,1,1,1,1,1,1,0,1,3.77777777777778
0,2,1,1,1,1,1,1,1,1,0,3.9
0,2,1,1,1,1,1,1,1,1,1,4.11111111111111
0,2,1,1,1,1,1,1,1,1,1,4.77777777777778
0,2,1,1,1,1,1,1,1,1,1,4.88888888888889
0,2,0,0,1,1,0,0,1,0,0,2.77777777777778
0,2,0,1,1,1,1,1,1,0,0,3.11111111111111
0,2,1,1,1,1,1,1,1,1,1,4.22222222222222
0,2,1,1,1,1,1,1,1,1,1,2.66666666666667
0,2,1,1,1,1,0,1,1,1,1,5.44444444444444
0,2,1,1,1,1,1,1,1,1,1,4.11111111111111
0,2,1,1,1,1,1,1,1,1,1,3.77777777777778
0,2,1,1,1,1,1,1,1,1,1,3.55555555555556
0,2,1,1,1,1,1,1,1,1,1,4.25
0,2,1,1,1,1,1,1,1,1,1,3.55555555555556
0,2,1,1,1,1,1,1,1,1,1,4.11111111111111
0,2,1,1,1,1,1,1,1,1,1,3.88888888888889
0,2,1,1,1,1,1,1,1,0,1,4
0,2,0,1,1,1,0,1,1,0,0,4
0,2,1,1,1,1,1,1,1,0,1,3.77777777777778
0,2,1,1,1,1,1,1,1,1,1,3.66666666666667
0,2,1,1,1,1,1,1,1,0,0,3.66666666666667
0,2,1,1,1,1,1,1,1,0,1,4.88888888888889
0,2,1,1,1,1,1,1,1,1,1,2.55555555555556
0,2,1,1,1,1,1,1,1,1,1,2.55555555555556
0,2,1,1,1,1,1,1,1,1,1,4.22222222222222
0,2,1,1,1,1,1,1,1,1,1,4.125
0,2,1,1,1,1,1,1,1,1,1,4.33333333333333
0,2,1,1,1,1,1,1,1,1,1,4
0,2,0,1,1,1,1,1,1,0,1,4.375
0,2,1,1,1,1,0,1,1,1,1,4.77777777777778
0,2,1,1,1,1,1,1,1,1,1,3.44444444444444
0,2,1,1,1,1,1,1,1,1,1,3.88888888888889
0,2,1,1,1,1,1,1,1,1,1,3.66666666666667
0,2,1,1,1,1,1,1,1,1,1,3.88888888888889
0,2,0,1,1,1,1,1,1,1,1,4.22222222222222
0,2,1,1,1,1,1,1,1,1,1,4.11111111111111
0,2,1,1,1,1,1,1,1,1,1,3.88888888888889
0,2,1,1,1,1,1,1,1,1,1,4.33333333333333
0,2,1,1,1,1,1,1,1,1,1,3.55555555555556
0,2,1,1,1,1,1,1,1,1,1,4.22222222222222
0,2,0,0,1,1,1,1,0,0,0,3.66666666666667
0,2,1,1,1,1,1,1,1,1,1,3.55555555555556
0,2,1,1,1,1,1,1,1,1,1,4.11111111111111
0,2,0,0,1,1,0,0,1,0,1,2.77777777777778
0,2,1,1,1,1,1,1,1,1,1,4.11111111111111
0,2,1,1,0,1,0,1,1,1,0,3.77777777777778
0,2,1,1,1,1,1,1,1,0,1,3.55555555555556
0,2,0,0,0,0,0,0,1,0,0,4.11111111111111
0,2,1,1,1,1,1,1,1,0,1,3.55555555555556
0,2,1,1,1,1,1,1,1,1,1,4.55555555555556
0,2,1,1,1,1,1,1,1,1,1,4.4
0,2,1,1,1,1,1,1,1,1,0,3.77777777777778
0,2,1,1,1,1,1,1,1,1,1,3.11111111111111
0,2,1,1,1,1,1,1,1,1,1,3.44444444444444
0,2,0,0,1,1,0,0,0,0,0,3.33333333333333
0,2,1,0,0,0,0,1,1,0,1,3.22222222222222
0,2,0,1,0,1,0,1,1,0,1,3.88888888888889
0,2,1,1,1,1,1,1,1,0,1,3.33333333333333
0,2,1,1,1,1,1,1,1,1,1,4.71428571428571
0,2,1,1,1,1,1,1,1,1,1,3.77777777777778
0,2,1,1,1,1,1,1,1,1,1,3.66666666666667
0,2,0,0,0,1,1,1,1,0,1,4
0,2,1,1,1,1,1,1,1,0,0,3.8
0,2,1,1,1,1,1,1,1,1,1,3.11111111111111
0,2,0,0,0,0,0,0,0,0,1,3.88888888888889
0,2,1,1,1,1,1,1,1,1,1,4.11111111111111
0,2,1,1,1,1,1,1,1,1,1,3.77777777777778
0,2,1,0,1,0,0,0,1,0,1,3.33333333333333
0,2,1,1,1,1,1,1,1,1,1,3.33333333333333
0,2,1,0,0,0,0,0,1,0,1,3.11111111111111
0,2,1,1,1,1,0,1,1,0,1,4.11111111111111
0,2,1,1,0,0,1,1,0,0,1,3.77777777777778
0,2,0,1,0,1,1,1,1,1,1,3.66666666666667
0,2,1,1,1,1,1,1,1,1,1,4.33333333333333
0,2,1,1,1,1,1,1,1,1,1,5.11111111111111
0,2,1,1,1,1,1,1,1,1,1,4.22222222222222
0,2,1,1,1,0,1,1,1,0,0,3.44444444444444
0,2,1,1,1,1,1,1,1,1,1,4.44444444444444
0,2,1,0,1,1,0,0,1,0,1,3.25
0,2,1,1,1,1,1,1,1,1,1,4.11111111111111
0,2,1,1,1,1,1,1,1,1,1,3.77777777777778
0,2,1,1,1,1,1,1,1,1,1,3
0,2,1,1,1,1,1,1,1,1,1,3.88888888888889
0,2,0,1,1,1,1,1,1,1,1,3.88888888888889
0,2,1,1,1,1,1,1,1,0,1,4
0,2,1,1,1,1,1,1,1,1,1,3.88888888888889
0,2,1,1,1,1,1,1,1,0,0,5.25
0,2,1,1,1,1,1,1,1,1,1,4.44444444444444
0,2,1,1,1,1,1,1,1,0,0,3.55555555555556
0,2,1,0,1,0,1,1,1,0,1,4.16666666666667
0,2,1,1,1,1,1,1,1,1,1,2.125
0,2,1,1,1,1,1,1,1,1,1,3.11111111111111
0,2,1,1,1,1,1,1,1,1,1,4.66666666666667
0,2,0,1,1,1,1,1,0,0,1,3.55555555555556
0,2,0,1,0,1,1,0,1,0,1,3.33333333333333
0,2,0,1,1,1,1,1,1,1,1,4.66666666666667
0,2,0,1,1,0,1,1,1,0,1,2.66666666666667
0,2,1,1,1,1,1,1,1,1,1,3.44444444444444
0,2,1,0,0,1,0,1,1,0,0,4.22222222222222
0,2,0,0,0,0,0,0,0,0,0,3.125
0,2,1,1,1,1,1,1,1,1,1,3.55555555555556
0,2,0,0,0,0,0,1,1,0,0,2.25
0,2,1,1,1,1,1,1,1,1,1,4.88888888888889
0,2,1,0,0,0,0,0,1,0,1,3
0,2,0,0,1,0,0,0,1,0,1,3.44444444444444
0,2,1,1,1,1,1,1,1,1,1,4.44444444444444
0,2,1,1,0,1,1,1,1,1,1,3.44444444444444
0,2,1,1,1,1,1,1,1,1,1,3.88888888888889
0,2,0,0,1,1,1,0,1,0,1,3.88888888888889
0,2,1,0,1,1,0,1,1,0,0,4.44444444444444
0,2,1,1,1,0,1,1,1,0,1,4.3
0,2,1,1,1,1,1,1,1,1,1,3.33333333333333
0,2,1,1,0,1,1,1,1,0,1,4.11111111111111
0,2,1,1,1,1,1,1,1,1,1,3.55555555555556
0,2,1,1,1,1,1,1,1,1,1,3.33333333333333
0,2,1,1,1,1,1,1,1,1,1,4.88888888888889
0,2,1,0,0,1,1,1,1,0,0,3.77777777777778
0,2,0,0,0,0,1,0,0,0,0,3.875
0,2,0,1,1,1,1,1,1,0,1,4.77777777777778
0,2,1,1,1,1,1,1,1,1,1,4.4
0,2,1,1,1,1,1,1,1,1,1,4.66666666666667
0,2,1,1,1,1,1,1,1,1,1,2.88888888888889
0,2,1,1,1,1,1,1,0,0,1,3.33333333333333
0,2,1,1,1,1,1,1,1,1,1,4.77777777777778
0,2,1,1,1,1,1,1,1,1,1,4.77777777777778
0,2,1,1,1,1,1,1,1,1,1,3.33333333333333
0,2,1,1,1,1,1,1,1,1,1,4.33333333333333
0,2,1,1,1,1,1,1,1,1,0,2.77777777777778
0,2,1,1,1,1,1,1,1,1,1,5.22222222222222
0,2,1,1,1,1,1,1,1,1,1,4.88888888888889
0,2,1,1,1,1,1,1,1,1,0,4.33333333333333
0,2,0,0,1,1,1,0,1,0,1,1.875
0,2,1,1,1,0,1,1,1,0,1,4.44444444444444
0,2,1,1,1,1,1,1,1,1,1,3.77777777777778
0,2,1,1,1,1,1,1,1,1,1,3.66666666666667
0,2,1,1,1,1,1,1,1,1,1,4
0,2,0,0,0,1,1,1,1,0,1,3.88888888888889
0,2,1,1,1,1,1,1,1,1,1,5
0,2,0,0,0,1,1,1,0,0,1,3.88888888888889
0,2,1,1,1,1,1,1,1,1,1,4.88888888888889
0,2,1,1,1,1,1,1,1,0,1,5.44444444444444
0,2,1,1,1,1,1,1,1,1,1,2.25
0,2,0,1,1,1,1,1,1,1,1,4.375
0,2,1,1,0,1,1,1,1,1,1,3.2
0,3,1,1,1,1,1,1,1,1,1,4.125
0,3,1,1,1,1,1,1,1,0,0,3.14285714285714
0,3,1,1,1,1,1,1,1,1,1,4.66666666666667
0,3,0,1,1,0,1,0,1,1,1,3.9
0,3,0,0,0,0,0,0,1,0,0,4.875
0,3,1,1,1,1,1,1,1,0,1,4.57142857142857
0,3,0,0,0,0,0,0,0,0,0,2.75
0,3,1,1,1,1,1,1,1,1,1,3.57142857142857
0,3,1,1,1,1,1,1,1,1,1,4
0,3,1,1,1,1,1,1,1,1,1,4.3
0,3,1,0,1,0,0,0,1,0,1,3.8
0,3,1,1,1,1,1,1,1,1,1,3.7
0,3,1,1,1,1,1,1,1,1,1,4.71428571428571
0,3,0,1,1,0,1,0,1,0,1,3.33333333333333
0,3,1,1,1,1,1,1,1,1,1,4.11111111111111
0,3,0,0,1,1,0,1,0,0,1,2.625
0,3,0,1,1,1,1,1,1,1,0,4
0,3,1,1,1,1,1,1,1,0,1,4.14285714285714
0,3,0,0,1,0,0,0,0,0,0,2.5
0,3,0,0,0,0,0,0,1,0,0,3.57142857142857
0,3,1,1,1,1,1,1,1,1,1,4.44444444444444
0,3,1,1,1,1,1,1,1,1,1,4
0,3,0,1,1,1,1,1,1,1,1,3.23076923076923
0,3,1,1,1,1,1,1,1,0,1,4.44444444444444
0,3,1,1,1,1,1,1,1,1,1,4.77777777777778
0,3,1,1,1,1,1,1,1,1,1,4.1
0,3,0,0,0,0,0,0,1,0,1,3.22222222222222
0,3,1,0,0,1,1,0,1,0,1,3.85714285714286
0,3,1,0,1,1,1,1,1,0,1,3.57142857142857
0,3,1,1,0,0,1,0,1,0,0,3.33333333333333
0,3,1,1,1,1,1,1,1,1,1,3.42857142857143
0,3,1,1,0,1,1,1,1,1,0,3.8
0,3,1,1,1,1,1,0,1,1,1,3.5
0,3,1,1,0,1,1,1,1,0,1,3.77777777777778
0,3,1,1,1,1,1,1,1,1,1,4.55555555555556
0,3,1,1,1,1,1,1,1,1,1,3.57142857142857
0,3,1,0,1,0,1,1,1,0,1,3.61538461538462
0,3,1,1,1,1,1,1,1,1,1,4.11111111111111
0,3,0,1,1,1,1,1,1,0,0,4.14285714285714
0,3,1,0,1,1,0,1,1,0,0,3
0,3,0,0,1,1,0,0,1,0,1,3.5
0,3,1,1,1,1,1,1,1,1,1,4
0,3,1,0,0,0,1,1,1,0,1,3.9
0,3,0,1,1,1,1,1,1,1,1,3.77777777777778
0,3,0,1,1,1,1,1,1,0,1,3.625
0,3,1,1,1,1,1,1,1,0,1,3.875
0,3,1,1,1,1,1,1,1,0,1,3.77777777777778
0,3,1,1,1,1,1,1,1,1,1,4.5
0,3,1,1,1,1,1,1,1,1,1,3.7
0,3,1,1,1,1,1,1,1,1,1,3.875
0,3,1,1,1,1,1,1,1,1,1,5.1
0,3,1,1,1,1,1,1,1,1,1,3.25
0,3,1,0,0,0,0,0,0,0,1,5.71428571428571
0,3,1,1,1,1,1,1,1,1,1,4.33333333333333
0,3,1,0,0,1,0,0,1,0,0,1.4
0,3,0,1,0,0,0,0,1,0,1,3.125
0,3,1,1,1,1,1,1,1,1,1,4.14285714285714
0,3,1,1,1,1,1,1,1,1,1,2.44444444444444
0,3,1,1,1,1,1,1,1,1,1,3.77777777777778
0,3,0,0,1,1,1,1,1,1,1,3.28571428571429
0,3,0,0,0,0,0,0,1,0,1,2.75
0,3,1,1,1,1,1,1,1,1,1,3.55555555555556
0,3,1,1,1,1,1,1,1,1,1,4.33333333333333
0,3,1,1,1,1,1,1,1,0,1,3.55555555555556
0,3,1,1,1,1,1,1,1,0,1,3.85714285714286
0,3,1,1,1,1,1,1,1,1,1,3.22222222222222
0,3,1,1,1,1,1,1,1,1,1,4.44444444444444
0,3,1,1,1,1,1,1,1,1,1,5.2
0,3,1,1,1,1,0,1,1,1,1,3.25
0,3,1,1,1,1,1,1,1,1,1,3.875
0,3,1,1,1,1,1,1,1,1,1,4.55555555555556
0,3,1,1,0,1,1,1,1,0,1,3.375
0,3,1,1,1,1,1,1,1,1,1,2.85714285714286
0,3,0,1,1,1,1,1,1,1,0,4
0,3,1,1,1,1,1,1,1,0,1,1.8
0,3,0,1,1,1,0,0,1,0,1,3.5
0,3,0,1,1,1,1,0,1,0,1,3.85714285714286
0,3,1,1,1,1,1,0,1,0,1,4
0,3,0,1,1,1,1,1,1,0,0,3.88888888888889
0,3,1,1,1,1,1,1,1,0,1,3.57142857142857
0,3,1,1,1,1,1,1,1,1,1,4
0,3,1,1,1,1,1,1,1,1,1,4.22222222222222
0,3,0,0,1,1,0,1,1,0,1,4.42857142857143
0,3,1,1,1,1,1,1,1,1,1,4.125
0,3,0,0,0,0,1,0,1,0,0,4.3
0,3,1,1,1,1,1,1,1,1,1,5
0,3,1,1,1,1,1,1,1,1,1,4.85714285714286
0,3,1,1,1,1,1,1,1,1,1,5.55555555555556
0,3,0,0,1,1,1,1,1,0,0,3.6
0,3,0,0,0,0,0,0,1,0,1,3.85714285714286
0,3,1,1,1,1,1,1,1,1,1,3.77777777777778
0,3,1,1,1,1,1,1,1,1,1,3.4
0,3,1,1,1,1,1,1,1,0,1,4.22222222222222
0,3,1,1,1,1,1,1,1,1,1,4.6
0,3,1,1,1,1,1,1,1,1,1,4.5
0,3,0,0,1,1,1,1,1,0,1,3.75
0,3,1,1,1,1,0,1,1,0,0,3.625
0,3,0,0,1,1,1,1,1,0,1,4.22222222222222
0,3,1,1,1,1,1,1,1,1,1,4.44444444444444
0,3,1,1,1,1,1,1,1,1,1,3.66666666666667
0,3,1,1,1,1,1,0,1,0,1,4
0,3,1,1,0,1,1,1,1,1,1,4.77777777777778
0,3,1,1,1,1,1,1,1,0,1,4
0,3,1,1,1,1,1,1,1,1,1,4.14285714285714
0,3,1,1,1,1,1,1,1,1,1,4.6
0,3,1,1,1,1,1,1,1,1,1,3.3
0,3,1,1,1,1,1,1,1,1,1,4.875
0,3,0,0,1,0,1,1,1,0,1,3
0,3,1,1,1,1,1,1,1,1,1,4.88888888888889
0,3,0,0,1,1,0,0,0,0,0,3.25
0,3,0,0,1,0,1,1,1,0,1,3.85714285714286
0,3,1,1,1,1,1,1,1,1,1,4
0,3,1,1,1,1,1,1,1,1,1,4.85714285714286
0,3,0,1,1,1,1,1,1,1,1,4.5
0,3,1,1,1,1,1,1,1,1,1,4.44444444444444
0,3,0,0,1,0,0,0,0,0,0,2.875
0,3,1,0,1,1,0,1,0,0,0,3.5
0,3,1,1,1,1,1,1,1,1,0,4.57142857142857
0,3,1,1,1,1,1,1,1,1,1,3.25
0,3,1,1,1,1,1,1,1,1,1,3.33333333333333
0,3,0,1,1,1,0,0,1,0,1,2.375
0,3,1,1,1,1,1,1,1,1,1,2.5
0,3,1,1,1,1,0,1,1,0,0,4
0,3,1,1,1,1,1,0,1,1,1,4
0,3,1,1,1,1,1,1,1,1,1,5.25
0,3,1,1,1,1,1,1,1,1,1,4.22222222222222
0,3,1,1,1,1,1,1,1,1,1,3.83333333333333
0,3,1,1,1,1,1,1,1,1,1,4
0,3,1,0,1,1,0,1,1,0,1,4
0,3,1,0,1,1,0,1,1,0,1,4.11111111111111
0,3,1,1,0,1,1,1,1,1,1,4.28571428571429
0,3,1,1,1,1,1,1,1,1,1,3.42857142857143
0,3,1,0,1,1,0,0,1,0,1,3.625
0,3,1,1,1,1,1,1,1,0,1,3.53846153846154
0,3,1,1,1,1,1,1,1,1,1,4.5
0,3,0,0,1,0,0,0,1,0,1,4.5
0,3,1,1,1,1,1,1,1,1,1,2.77777777777778
0,3,1,1,1,1,1,1,1,1,1,4.5
0,3,1,1,1,1,1,1,1,1,1,3.33333333333333
0,3,0,1,1,1,1,1,1,0,1,3.625
0,3,1,1,1,1,1,1,1,1,1,5.38461538461539
0,3,0,0,0,1,1,1,1,0,1,3.44444444444444
0,3,1,1,1,1,1,1,1,1,1,3.71428571428571
0,3,1,1,1,1,1,1,1,1,1,4.55555555555556
0,3,1,1,1,1,1,1,1,0,1,2.75
0,3,1,1,1,1,1,1,1,0,1,4
0,3,1,1,1,1,1,1,1,1,1,1.42857142857143
0,3,1,1,1,1,1,1,1,1,1,5.25
0,3,1,1,1,1,1,1,1,1,1,1.77777777777778
0,3,1,1,1,1,1,1,1,1,1,3.44444444444444
0,3,0,1,1,1,1,1,1,0,0,3.14285714285714
0,3,1,1,1,1,1,1,1,1,1,4.3
0,3,1,1,1,1,1,1,1,1,1,3.66666666666667
0,3,1,1,1,1,1,1,1,1,1,3.66666666666667
0,3,1,1,1,1,1,1,1,1,1,5.55555555555556
0,3,1,1,1,1,1,1,1,1,1,4.2
0,3,1,1,1,1,1,1,1,1,1,4.46153846153846
0,3,1,1,1,1,1,1,1,1,1,5.3
0,3,0,0,0,0,0,0,1,0,0,3.44444444444444
0,3,0,0,0,0,0,0,0,0,0,4
0,3,1,1,1,1,1,1,1,1,1,4.22222222222222
0,3,1,1,1,1,1,1,1,0,1,3.14285714285714
0,3,1,0,1,0,0,0,1,0,1,3
0,3,1,1,1,1,1,1,1,1,1,5
0,3,1,1,1,1,1,1,1,1,1,4.5
0,3,1,1,1,1,1,1,1,1,1,4.75
0,3,1,1,1,1,1,1,1,1,1,4.625
0,3,1,1,1,1,1,1,1,1,1,4.875
0,3,0,1,1,1,1,1,1,0,1,4.84615384615385
0,3,1,1,1,1,1,1,1,0,1,4.16666666666667
0,3,1,1,1,1,1,1,1,1,1,4.125
0,3,1,1,1,1,1,1,1,1,1,2.77777777777778
0,3,1,1,1,1,1,1,1,0,1,4.625
0,3,1,1,1,1,1,1,1,1,1,3.9
0,3,1,1,1,1,1,1,1,1,1,3.3
0,3,1,1,1,1,1,1,1,1,1,4
0,3,0,1,1,1,1,1,1,1,1,3.625
0,3,1,1,1,1,0,1,1,0,1,5.22222222222222
0,3,1,1,1,1,1,1,1,1,1,4
0,3,0,1,1,1,1,1,1,1,1,3.88888888888889
0,3,0,1,1,1,1,1,1,1,1,5
0,3,1,1,1,1,1,1,1,1,1,4.625
0,3,0,0,0,1,0,1,1,0,0,3.55555555555556
0,3,1,1,1,1,1,1,1,1,1,2.28571428571429
0,3,1,1,1,1,1,1,1,1,1,4.625
0,3,1,1,1,1,1,1,1,0,0,3.75
0,3,0,1,1,1,1,1,1,0,1,3.33333333333333
0,3,0,1,1,1,1,1,1,0,0,4.28571428571429
0,3,1,1,1,1,1,1,1,1,1,3
0,3,1,1,1,1,1,1,1,1,1,4.77777777777778
0,3,1,1,1,1,0,1,1,0,0,3.125
0,3,1,1,1,1,1,1,1,1,1,3.375
0,3,1,1,1,1,1,1,1,1,1,3.88888888888889
0,3,1,1,1,1,1,1,1,1,1,3.33333333333333
0,3,0,1,1,1,1,1,1,1,0,4.4
0,3,1,0,1,1,1,1,1,0,0,2.55555555555556
0,3,1,1,1,1,1,1,1,1,1,4.28571428571429
0,3,1,1,1,1,1,1,1,1,1,4.375
0,3,1,0,0,0,0,0,1,0,0,5.11111111111111
0,3,1,0,0,1,1,1,1,0,1,3.55555555555556
0,3,1,1,1,1,1,1,1,1,1,4.66666666666667
0,3,1,1,1,1,1,1,1,1,0,3.3
0,3,1,1,1,1,1,1,1,1,1,4.375
0,3,1,1,1,1,1,1,1,1,1,4.88888888888889
0,3,1,0,1,1,1,0,1,0,1,3.125
0,3,1,1,1,1,1,1,1,1,1,4.42857142857143
0,3,1,1,1,1,1,1,1,1,1,3.375
0,3,1,0,1,1,0,1,1,0,1,3.55555555555556
0,3,1,1,1,1,1,1,1,1,1,4.55555555555556
0,3,1,1,1,1,1,1,1,1,1,4
0,3,1,1,1,1,1,1,1,1,1,4.92307692307692
0,3,0,0,0,0,1,1,1,1,1,3.22222222222222
0,3,0,0,1,0,0,1,0,0,0,3.71428571428571
0,3,0,0,1,1,1,1,0,0,0,5
0,3,1,0,0,0,0,0,1,0,1,3.25
0,3,1,1,1,1,1,1,1,1,1,3
0,3,1,1,1,1,1,1,1,1,1,3.625
0,3,1,1,1,1,1,1,1,1,1,4.42857142857143
0,3,1,1,1,1,1,1,1,0,1,3.88888888888889
0,3,1,1,1,1,1,1,1,1,1,4.75
0,3,1,1,0,1,1,1,1,1,0,4.2
0,3,1,1,1,1,1,1,1,1,1,3.5
0,3,1,1,1,1,1,1,1,1,1,4.625
0,3,1,1,1,1,1,1,1,1,1,4.30769230769231
0,3,0,1,1,0,1,0,1,0,1,4
0,3,1,1,1,1,1,1,1,1,1,5.125
0,3,1,1,1,1,1,1,1,1,1,3.77777777777778
0,3,1,0,1,1,1,1,1,0,1,3.71428571428571
0,3,0,0,1,1,1,0,1,0,1,3.5
0,3,1,1,1,1,1,1,1,1,1,3.88888888888889
0,3,1,1,1,1,1,1,1,1,1,3.28571428571429
0,3,0,0,0,0,0,0,1,0,1,3.625
0,3,1,1,1,1,1,1,1,0,1,3.75
0,3,1,1,1,1,1,1,1,1,1,4.2
0,3,1,1,1,1,1,1,1,1,1,4.5
0,3,1,1,1,0,1,1,1,0,1,4.3
0,3,1,1,1,1,1,1,1,1,0,4.22222222222222
0,3,0,0,1,0,0,0,1,0,0,3.125
0,3,1,1,1,1,1,1,1,0,0,2.88888888888889
0,3,1,1,0,1,1,1,1,1,1,4
0,3,1,0,0,1,1,1,1,1,1,3.11111111111111
0,3,1,1,1,1,1,1,1,1,1,4.44444444444444
0,3,1,1,1,1,1,1,1,1,1,4
0,3,0,0,0,0,0,0,1,0,1,3.57142857142857
0,3,1,1,1,1,1,1,1,1,1,4.625
0,3,1,1,1,1,1,1,1,1,1,3.33333333333333
0,3,1,1,1,1,1,1,1,1,1,3.57142857142857
0,3,0,1,1,1,0,0,1,0,0,3.66666666666667
0,3,1,1,1,1,1,1,1,1,1,4.44444444444444
0,3,1,1,1,1,1,1,1,1,1,4
0,3,1,1,1,1,1,1,1,1,1,3.22222222222222
0,3,1,0,1,1,0,0,1,0,1,3.375
0,3,1,1,1,1,0,0,1,0,1,3.57142857142857
0,3,1,1,1,1,1,1,1,1,1,3.9
0,3,1,1,1,1,1,1,1,1,1,4.14285714285714
0,3,1,1,1,1,1,1,1,1,1,4.55555555555556
0,3,1,1,1,1,1,1,1,1,1,4
0,3,1,1,1,1,1,1,1,1,1,3.625
0,3,1,1,1,1,1,1,1,1,1,3.3
0,3,1,1,1,1,1,1,1,0,1,4
0,3,1,1,0,0,1,1,1,0,1,3.33333333333333
0,3,0,1,1,1,1,1,1,0,1,3.25
0,3,0,1,1,1,1,1,1,1,1,3.33333333333333
0,3,1,1,1,1,1,1,1,1,1,4.45454545454545
0,3,0,1,1,1,1,1,1,1,1,4.33333333333333
0,3,1,1,1,1,1,1,1,1,1,4
0,3,1,1,1,1,1,1,1,1,1,4.55555555555556
0,3,1,1,1,1,1,1,1,1,1,4.77777777777778
0,3,0,0,0,0,0,0,0,0,0,3.875
0,3,0,0,1,1,1,0,1,0,1,3
0,3,1,1,1,1,1,1,1,1,1,4.22222222222222
0,3,1,0,1,1,1,1,1,0,1,2.66666666666667
0,3,1,1,0,1,1,1,1,0,0,3.125
0,3,1,1,0,1,0,1,1,0,0,3.28571428571429
0,3,1,1,1,1,0,1,1,1,1,4.66666666666667
0,3,0,1,0,1,1,1,1,0,1,3.46153846153846
0,3,1,1,1,1,1,1,1,0,1,4.55555555555556
0,3,1,1,1,1,1,1,1,1,1,3.55555555555556
0,3,1,0,0,0,0,0,0,0,0,2.2
0,3,1,1,1,1,1,1,1,1,1,4.5
0,3,1,1,1,1,1,1,1,1,1,4.88888888888889
0,3,1,0,0,0,0,0,0,0,1,2.625
0,3,1,0,0,1,0,1,1,0,1,2.875
0,3,1,1,1,1,1,1,1,1,1,4
0,3,1,1,1,1,1,1,1,1,1,5
0,3,1,0,1,1,0,1,1,0,1,3
0,3,1,1,1,1,1,1,1,0,1,3.85714285714286
0,3,1,1,0,1,1,1,1,1,1,4.85714285714286
0,3,1,1,1,1,1,1,1,1,1,4
0,3,1,1,1,1,1,1,1,1,1,3.42857142857143
0,3,1,1,1,1,1,1,1,1,1,3.75
0,3,1,1,1,1,1,1,1,1,1,4.25
0,3,1,0,1,0,0,0,0,0,0,2.14285714285714
0,3,1,1,1,1,1,1,1,1,1,4.6
0,3,1,1,1,1,1,1,1,1,1,3.85714285714286
0,3,0,1,1,1,1,1,1,0,1,4.11111111111111
0,3,1,1,1,1,1,1,0,1,0,4.33333333333333
0,3,1,0,1,1,1,1,1,0,1,3
0,3,1,1,1,1,1,1,1,1,1,3
0,3,1,1,1,1,1,1,1,1,1,4.77777777777778
0,3,1,1,1,1,1,1,1,1,1,3.85714285714286
0,3,1,1,0,1,1,1,1,1,1,3.75
0,3,0,1,1,1,1,1,1,1,1,3.85714285714286
0,3,1,0,1,1,1,1,1,0,1,4.66666666666667
0,3,1,0,1,1,0,1,1,0,0,3.44444444444444
0,3,0,0,0,0,0,0,0,0,0,3.625
0,3,1,1,1,1,1,1,1,1,1,3
0,3,1,1,1,1,1,1,1,1,1,2.83333333333333
0,3,0,0,0,0,0,0,0,0,0,3.88888888888889
0,3,0,0,0,0,0,0,0,0,0,3.25
0,3,1,1,1,1,1,1,1,1,1,3.69230769230769
0,3,1,1,1,1,1,1,1,1,1,5.14285714285714
0,3,1,1,1,0,0,0,1,0,0,4.33333333333333
0,3,1,1,1,1,1,1,1,1,1,4.25
0,3,1,1,1,1,1,1,1,1,1,3.66666666666667
0,3,1,1,1,1,1,1,1,1,1,5.14285714285714
0,3,1,0,1,0,1,0,1,0,1,3.5
0,3,1,1,1,1,1,1,1,1,1,3.3
0,3,1,1,1,1,1,1,1,0,1,3.375
0,3,1,0,1,0,0,0,1,0,1,4.625
0,3,1,1,1,1,1,1,1,1,1,4.875
0,3,1,1,1,1,1,1,1,1,1,5
0,3,1,1,1,1,1,1,1,1,1,4.5
0,3,1,1,1,1,1,1,1,0,1,4.11111111111111
0,3,1,1,1,1,1,1,1,1,1,3.88888888888889
0,3,0,0,0,0,0,0,0,0,0,3.42857142857143
0,3,1,1,1,1,1,1,1,1,1,4.375
0,3,1,1,1,1,1,1,1,0,1,4
0,3,1,1,1,1,1,1,1,1,1,3.88888888888889
0,3,1,1,1,1,1,1,1,1,1,4
0,3,1,1,1,1,1,1,1,1,1,5.22222222222222
0,3,0,1,0,1,1,1,1,0,1,3.11111111111111
0,3,1,1,1,1,1,1,1,1,1,3.875
0,3,1,1,1,1,1,1,1,1,1,2.88888888888889
0,3,1,0,0,1,0,1,1,0,0,3.75
0,3,1,1,1,1,1,1,1,1,1,4.125
0,3,1,1,1,1,1,1,1,1,1,4.14285714285714
0,3,1,1,1,1,1,1,1,1,1,4.69230769230769
0,3,1,0,0,0,1,0,1,0,1,5
0,3,1,0,1,0,0,1,1,0,0,3.25
0,3,1,1,1,1,1,1,1,1,1,4.75
0,3,1,1,1,1,1,1,1,1,1,4.6
0,3,1,1,1,1,1,1,1,1,1,3.75
0,3,1,1,1,1,1,1,1,1,1,3
0,3,1,1,1,1,1,1,1,1,1,4.42857142857143
0,3,1,1,1,1,1,1,1,1,1,3.875
0,3,1,1,1,1,1,1,1,1,1,4
0,3,0,1,1,1,1,1,1,1,1,5
0,3,1,1,1,1,1,1,1,1,1,3.75
0,3,1,1,1,1,1,1,1,0,1,3.75
0,3,1,1,0,0,1,1,1,1,1,4.75
0,3,0,0,1,0,1,1,1,0,1,2.25
0,3,1,1,0,1,1,1,1,1,1,3.5
0,3,0,0,1,0,0,0,1,0,0,3.22222222222222
0,3,1,1,1,1,1,1,1,1,1,3.69230769230769
0,3,1,1,1,1,1,1,1,1,1,3.5
0,3,1,0,1,1,0,1,1,0,0,3.875
0,3,0,1,1,0,0,0,1,0,1,3.44444444444444
0,3,1,1,1,1,1,1,1,0,1,4.22222222222222
0,3,1,1,1,1,1,1,1,1,1,4.875
0,3,1,1,1,1,1,1,1,1,1,3.9
0,3,1,1,0,1,1,1,1,1,1,3
0,3,1,1,1,1,1,1,1,1,1,3.55555555555556
0,3,1,1,1,1,1,1,1,1,1,2.55555555555556
0,3,1,1,1,1,1,1,1,1,0,4.2
0,3,1,1,1,1,1,1,1,1,1,4.25
0,3,1,1,1,1,1,1,1,1,1,3.88888888888889
0,3,1,1,1,1,1,1,1,1,1,5.9
0,3,1,1,1,1,1,1,1,1,1,4.33333333333333
0,3,1,1,1,1,1,1,1,1,1,2.6
0,3,1,1,1,1,1,1,1,1,1,4.55555555555556
0,3,1,1,1,1,1,1,1,1,1,3.85714285714286
0,3,1,1,1,1,1,1,1,1,1,3.77777777777778
0,3,1,1,1,1,1,1,1,1,1,4
0,3,1,1,1,1,1,1,1,1,1,5.1
0,3,1,1,1,1,1,1,1,1,1,5
0,3,1,1,1,1,1,1,1,0,1,3.57142857142857
0,3,1,1,1,1,1,1,1,0,0,3.7
0,3,1,0,1,1,1,1,1,0,1,4.5
0,3,1,0,1,0,1,1,1,0,1,3.75
0,3,1,1,1,1,1,1,1,1,1,4.375
0,3,1,1,1,1,1,1,1,1,1,4.55555555555556
0,3,0,1,1,1,1,1,1,1,1,4
0,3,1,1,1,1,1,1,1,1,1,2.85714285714286
0,3,1,1,1,1,1,1,1,0,1,3.53846153846154
0,3,0,1,1,1,1,1,1,1,1,4.125
0,3,0,1,1,1,1,1,1,1,1,3.1
0,3,1,1,1,1,0,1,1,0,1,3.875
0,3,1,1,1,1,1,1,1,1,1,3.57142857142857
0,3,1,1,1,1,1,1,1,1,1,3.57142857142857
0,3,1,1,1,1,1,1,1,1,1,3.875
0,3,1,1,1,1,1,1,1,1,1,4.5
0,3,1,1,0,1,1,1,1,1,0,4.27272727272727
0,3,1,1,1,1,1,1,1,1,1,4
0,3,1,1,1,1,1,1,1,1,1,3.61538461538462
0,3,0,1,1,1,1,1,1,1,1,4.25
0,3,1,1,1,1,1,0,1,0,1,4.33333333333333
0,3,0,1,1,1,1,0,1,1,1,4.16666666666667
0,3,1,1,0,1,1,1,1,0,1,3.875
0,3,1,1,0,1,1,1,1,1,1,3.28571428571429
0,3,1,1,1,1,1,1,1,1,1,4.5
0,3,1,1,1,1,1,1,1,1,1,4.33333333333333
0,3,1,1,1,1,1,1,1,1,1,3.4
0,3,1,1,1,1,1,1,1,0,0,4.44444444444444
0,3,1,1,1,1,1,1,1,1,1,2.5
0,3,0,1,1,1,1,0,1,0,1,3.57142857142857
0,3,1,1,1,1,1,1,1,1,1,5.1
0,3,1,1,1,1,1,0,1,0,1,2.85714285714286
0,3,1,1,1,1,1,1,1,1,1,3.75
0,3,1,1,1,1,1,1,1,1,1,5.15384615384615
0,3,1,1,1,1,1,1,1,1,1,3.875
0,3,1,1,1,1,1,1,1,1,1,4
0,3,1,1,1,1,1,1,1,1,1,3.46153846153846
0,3,1,1,1,1,1,1,1,1,1,3.5
0,3,1,1,1,1,0,1,1,1,1,3.5
0,3,0,0,1,1,1,1,0,0,1,2.66666666666667
0,4,1,1,1,1,1,1,1,1,1,2.25
0,4,1,1,1,1,1,1,1,1,1,4.375
0,4,0,0,0,1,1,1,1,0,1,3.71428571428571
0,4,1,1,1,1,1,1,1,1,1,5.25
0,4,1,1,1,1,1,1,1,1,1,3.88888888888889
0,4,0,0,1,0,0,0,1,0,1,2.57142857142857
0,4,1,1,1,1,1,1,1,1,0,4.625
0,4,1,1,1,1,1,1,1,1,1,4.44444444444444
0,4,1,1,1,1,1,1,1,1,1,4.375
0,4,1,1,1,1,1,1,1,1,0,4.125
0,4,1,0,1,0,0,0,0,0,1,2.6
0,4,0,0,0,0,0,0,0,0,0,2.75
0,4,1,1,1,1,1,1,1,1,1,4.625
0,4,0,1,1,1,1,1,1,0,1,3.5
0,4,1,1,1,1,1,1,1,1,1,4.875
0,4,1,1,1,1,1,1,1,1,1,5.2
0,4,1,1,1,1,1,1,1,0,1,3.75
0,4,1,1,1,1,1,1,1,1,1,4.55555555555556
0,4,1,1,1,1,1,1,1,1,1,3.125
0,4,1,1,1,1,1,1,1,1,1,4.75
0,4,1,0,1,1,0,0,1,0,1,4.375
0,4,0,1,1,0,1,1,1,0,0,3.44444444444444
0,4,1,1,1,1,1,1,1,1,1,5.5
0,4,1,1,1,1,1,1,1,1,1,3.75
0,4,1,1,1,1,1,1,1,0,0,4.5
0,4,1,1,1,1,1,1,1,1,1,3.33333333333333
0,4,1,1,1,1,1,1,1,1,0,5
0,4,0,0,1,1,1,0,1,1,0,2.375
0,4,1,1,1,1,1,1,1,1,1,3.625
0,4,1,1,1,1,1,1,1,1,1,3.25
0,4,1,1,1,1,1,1,1,1,1,4.75
0,4,1,1,1,1,1,1,1,1,1,2
0,4,1,1,1,1,1,1,1,1,1,4.875
0,4,1,0,1,1,1,1,1,0,1,4
0,4,1,0,0,1,0,0,1,0,1,3
0,4,0,1,1,1,1,1,1,1,1,4
0,4,1,1,1,1,1,1,0,0,0,2.5
0,4,0,1,1,1,1,1,1,1,0,3.55555555555556
0,4,1,1,1,1,1,1,1,1,1,4
0,4,1,1,1,1,1,1,1,1,1,4.66666666666667
0,4,1,1,1,0,1,1,1,0,1,4.625
0,4,0,0,1,1,0,1,1,0,1,2.75
0,4,1,1,1,1,1,1,1,1,1,3.625
0,4,1,1,0,1,1,1,1,0,1,2.33333333333333
0,4,1,1,1,1,1,1,1,1,1,4.14285714285714
0,4,1,1,1,1,1,1,1,1,1,2.77777777777778
0,4,1,1,1,1,1,1,1,1,1,4.33333333333333
0,4,1,1,1,1,1,1,1,1,1,4.66666666666667
0,4,1,0,1,0,0,0,1,0,1,3.25
0,4,1,1,1,1,1,1,1,1,1,3.14285714285714
0,4,1,1,1,1,1,1,1,1,1,4.66666666666667
0,4,1,1,1,1,1,1,1,1,1,3.77777777777778
0,4,1,1,1,1,1,1,1,1,1,5
0,4,1,1,1,1,1,1,1,1,1,3.44444444444444
0,4,0,0,0,0,0,0,0,0,0,4.125
0,4,1,1,1,1,1,1,1,1,1,4.75
0,4,0,1,1,1,1,0,1,1,0,3.125
0,4,1,1,1,1,1,1,1,1,1,4
0,4,0,0,0,0,0,1,1,0,1,4.75
0,4,1,1,1,1,1,1,1,1,0,2.28571428571429
0,4,1,1,1,1,1,1,1,1,1,5.375
0,4,1,1,1,1,1,1,1,1,1,3.25
0,4,1,1,1,1,1,1,1,1,1,3.55555555555556
0,4,1,1,1,1,1,1,1,1,1,4.5
0,4,1,1,1,1,1,1,1,0,1,3.25
0,4,1,1,1,1,1,1,1,1,1,5
0,4,0,0,1,1,1,0,1,0,0,3
0,4,0,1,1,1,1,0,0,1,0,4.75
0,4,1,1,1,1,1,1,1,1,1,3.5
0,4,1,1,1,1,1,1,1,1,1,4.6
0,4,1,1,1,1,1,1,1,1,1,4.25
0,4,1,1,1,1,1,1,1,1,1,3.5
0,4,1,1,1,1,1,1,1,1,1,4.28571428571429
0,4,1,1,1,1,1,1,1,1,1,4.75
0,4,1,1,1,1,1,1,1,0,1,3.25
0,4,1,1,1,1,1,1,1,1,1,5
0,4,1,1,1,1,1,1,1,1,1,3.75
0,4,1,1,1,1,1,1,1,1,1,3.66666666666667
0,4,1,1,1,1,1,1,1,1,1,4.66666666666667
0,4,1,1,1,1,1,1,1,1,1,4.54545454545455
0,4,0,0,1,0,1,0,0,0,0,3.71428571428571
0,4,0,0,0,0,0,0,0,0,0,3.5
0,4,1,1,1,1,1,1,1,1,1,4.28571428571429
0,4,1,1,1,1,1,1,1,1,1,3.66666666666667
0,4,1,1,1,1,1,1,1,1,1,3.875
0,4,1,1,1,1,1,1,1,1,1,4
0,4,1,1,1,1,1,1,1,0,1,3.625
0,4,1,1,1,1,1,1,1,1,1,3.85714285714286
0,4,1,1,1,1,1,1,1,1,1,3.5
0,4,1,1,1,1,1,1,1,1,1,3.44444444444444
0,4,1,0,1,1,1,0,1,0,1,2.57142857142857
0,4,1,1,0,1,1,1,1,1,1,4.55555555555556
0,4,0,1,1,0,0,0,1,0,1,5
0,4,1,1,1,1,1,1,1,1,1,4
0,4,1,1,1,1,1,1,1,1,1,3
0,4,1,0,1,0,0,0,1,0,1,3.14285714285714
0,4,1,1,1,1,1,1,1,1,1,4.28571428571429
0,4,1,1,1,1,1,1,1,1,1,3.875
0,4,0,0,0,0,0,0,0,0,0,2
0,4,1,1,1,1,1,1,1,1,1,4.22222222222222
0,4,1,0,1,0,0,1,1,0,1,3.875
0,4,1,1,1,1,1,1,1,1,1,3.44444444444444
0,4,1,1,0,1,1,1,1,0,0,4.72727272727273
0,4,1,1,0,0,0,0,1,0,1,4.77777777777778
0,4,1,1,1,1,1,1,1,1,1,4.25
0,4,1,1,1,1,1,1,1,1,1,4.875
0,4,1,0,1,1,1,1,1,0,1,3.625
0,4,0,1,1,1,1,1,0,1,1,3.5
0,4,0,1,1,1,1,1,1,1,1,4.5
0,4,1,0,1,1,1,1,1,0,1,3
0,4,1,1,1,1,1,1,1,1,1,3.66666666666667
0,4,1,1,1,1,1,1,1,1,1,3.11111111111111
0,4,1,1,1,1,1,1,1,1,1,4.5
0,4,0,0,0,0,0,0,1,0,0,3.28571428571429
0,4,1,0,0,0,1,0,1,0,1,3.7
0,4,0,1,1,1,1,1,1,1,1,3.125
0,4,1,1,1,1,1,1,1,1,1,2.66666666666667
0,4,1,1,1,1,1,1,1,1,1,4.625
0,4,1,1,1,1,1,1,1,1,1,4.77777777777778
0,4,1,1,1,1,1,1,1,1,1,4.875
0,4,0,1,1,1,1,1,1,1,1,4.5
0,4,1,1,1,1,1,1,1,0,1,3.75
0,4,1,1,1,1,1,1,1,1,1,4.58333333333333
0,4,1,1,1,1,1,1,1,1,1,3.9
0,4,1,1,1,1,1,1,1,1,0,5.11111111111111
0,4,1,1,1,1,1,1,1,1,1,5.11111111111111
0,4,1,1,1,1,1,1,1,1,1,4
0,4,1,0,1,0,1,0,0,0,0,3.625
0,4,0,1,1,1,1,1,1,1,0,3.7
0,4,1,1,1,1,1,1,1,1,1,4
0,4,1,1,1,1,1,1,1,1,1,4.125
0,4,0,1,1,1,1,1,1,1,1,3
0,4,1,1,1,1,1,1,1,1,1,4.11111111111111
0,4,1,1,1,1,1,1,1,1,1,5
0,4,0,0,0,1,0,0,1,0,1,3.88888888888889
0,4,1,1,1,1,1,1,1,1,1,3.33333333333333
0,4,1,1,1,1,1,1,1,1,1,4
0,4,1,1,1,1,1,1,1,0,1,2.57142857142857
0,4,1,1,1,1,1,0,1,0,1,3.375
0,4,1,0,0,0,0,1,1,0,0,3.25
0,4,1,1,1,1,1,1,1,1,1,4.55555555555556
0,4,1,1,1,0,0,0,1,0,1,2.625
0,4,1,1,1,1,1,1,1,1,1,4.33333333333333
0,4,1,1,1,1,1,1,1,1,1,4.57142857142857
0,4,1,1,1,1,1,1,1,1,1,4.625
0,4,1,1,1,1,1,1,1,1,1,4
0,4,0,0,0,0,0,0,1,0,1,2.4
0,4,1,1,1,0,1,0,1,0,1,5
0,4,1,1,1,1,1,1,1,1,1,4
0,4,1,1,1,1,1,1,1,1,1,4.375
0,4,1,1,1,1,1,1,1,1,1,3.45454545454545
0,4,1,1,1,1,1,1,1,0,0,4.5
0,4,1,1,1,1,1,1,1,0,1,2.71428571428571
0,4,0,0,1,1,1,1,1,0,1,3.25
0,4,1,1,1,1,1,1,1,1,1,5.5
0,4,1,1,1,1,1,1,1,0,1,4
0,4,1,1,1,1,1,1,1,1,0,3.66666666666667
0,4,1,1,1,1,1,1,1,1,1,1.88888888888889
0,4,1,1,1,1,1,1,1,1,1,4.5
0,4,1,1,1,1,1,1,1,1,1,2.88888888888889
0,4,1,1,1,1,1,1,1,1,1,4.5
0,4,1,1,1,1,1,1,1,1,1,5
0,4,1,1,1,1,1,1,1,1,1,3.6
0,4,1,1,1,1,1,1,1,1,1,4.625
0,4,1,1,1,1,1,1,1,1,1,3.42857142857143
0,4,1,1,1,1,1,1,1,1,1,4.33333333333333
0,4,1,1,0,1,1,1,1,1,1,3.42857142857143
0,4,1,1,1,1,1,1,1,1,1,4.75
0,4,1,1,1,1,1,1,1,1,1,4.5
0,4,1,1,1,1,1,1,0,1,0,4.7
0,4,1,1,1,1,1,1,1,1,1,4.625
0,4,1,1,1,1,1,1,1,1,1,4.625
0,4,1,1,1,1,1,1,1,1,1,4.375
0,4,0,1,1,1,1,1,1,1,1,4.5
0,4,1,0,0,0,1,1,1,0,0,3.57142857142857
0,4,1,1,1,1,1,1,1,1,1,4.42857142857143
0,4,1,1,1,1,1,1,1,0,0,4.09090909090909
0,4,1,1,1,1,1,1,1,1,1,5.625
0,4,1,0,0,1,1,1,1,0,1,2.5
0,4,1,1,1,1,1,1,1,1,1,4.625
0,4,0,0,0,0,0,0,1,0,0,3.66666666666667
0,4,1,1,1,1,1,1,1,0,1,4.77777777777778
0,4,1,1,1,1,1,1,1,0,1,2.375
0,4,0,0,1,0,1,0,1,0,1,3.55555555555556
0,4,1,1,1,1,1,1,1,1,1,4.7
0,4,1,1,1,1,1,1,1,1,1,3.5
0,4,0,0,0,0,0,0,0,0,0,2
0,4,1,1,1,1,1,1,1,1,1,4.55555555555556
0,4,0,0,0,0,0,1,1,0,1,3.625
0,4,1,1,1,1,1,1,1,1,1,4.75
0,4,1,1,1,1,1,1,1,1,1,4.66666666666667
0,4,0,1,1,1,1,1,1,0,1,3.5
0,4,1,1,1,1,1,1,1,1,1,4.375
0,4,1,1,1,1,1,1,1,1,1,4.75
0,4,0,1,1,0,1,1,1,1,1,2.16666666666667
0,4,0,1,1,1,1,0,1,1,1,4.33333333333333
0,4,1,1,1,1,1,1,1,1,1,4
0,4,1,1,1,1,1,1,1,1,1,4.57142857142857
0,4,1,1,1,1,1,1,1,1,1,3.28571428571429
0,4,0,1,1,1,1,1,1,0,1,2.8
0,4,1,1,1,1,1,1,1,0,1,4.25
0,4,1,1,1,1,1,1,1,1,1,3.33333333333333
0,4,1,1,1,1,1,1,1,1,0,3.125
0,4,0,0,1,0,0,0,1,0,1,2
0,4,1,1,1,1,1,1,1,0,1,3.2
0,4,1,1,1,1,1,1,1,1,1,5
0,4,0,0,1,1,1,1,1,0,0,2.57142857142857
0,4,1,1,1,1,1,1,1,1,1,3.25
0,4,1,1,1,1,1,1,1,1,1,3.375
0,4,1,1,1,1,1,1,1,1,1,5
0,4,1,1,1,1,1,1,1,1,1,4.875
0,4,1,1,1,1,1,1,1,1,1,2.71428571428571
0,4,1,1,1,1,1,1,1,0,1,2.33333333333333
0,4,1,1,1,1,1,1,1,1,1,4.5
0,4,0,1,1,1,1,1,1,1,1,3.375
0,4,1,1,1,1,1,1,1,1,1,3.8
0,4,1,0,0,0,0,0,0,0,0,2.57142857142857
0,4,1,1,1,1,1,1,1,0,0,2.55555555555556
0,4,1,1,1,1,1,1,1,0,1,3.25
0,4,1,1,1,1,1,1,1,1,1,3.66666666666667
0,4,0,0,0,0,1,0,1,0,1,3.33333333333333
0,4,0,1,1,1,1,0,1,0,1,3
0,4,1,1,1,1,1,1,1,1,1,4.75
0,4,1,1,1,1,1,0,1,1,1,4.875
0,4,0,1,0,0,0,0,1,0,1,3.75
0,4,0,0,1,1,1,1,1,0,1,4
0,4,1,1,0,1,1,1,1,0,1,4.5
0,4,1,1,1,1,1,1,1,0,1,4.28571428571429
0,4,1,1,1,1,1,1,1,1,1,4.45454545454545
0,4,1,1,1,1,1,1,1,1,1,5.125
0,4,1,1,1,1,1,1,1,1,1,5.375
0,4,1,1,1,1,1,1,1,1,1,5.25
0,4,1,1,1,1,1,1,1,1,1,5.375
0,4,1,1,1,1,1,0,1,1,1,4.25
0,4,0,0,0,1,1,1,1,0,1,2.33333333333333
0,4,0,0,0,0,1,0,1,0,1,3.875
0,4,0,1,1,1,1,1,1,1,1,3.88888888888889
0,4,0,0,1,1,1,1,0,0,0,3.77777777777778
0,4,0,1,1,1,1,1,1,1,1,2.55555555555556
